cement,slag,fly_ash,water,superplasticizer,coarse_agg,fine_agg,age_days,compressive_strength_mpa,cost_usd_per_m3,embodied_co2_kg_per_m3
540.0,0.0,0.0,162.0,2.5,1040.0,676.0,28.0,79.98611076,119.3204,506.0913
540.0,0.0,0.0,162.0,2.5,1055.0,676.0,28.0,61.887365759999994,119.5829,506.1693
332.5,142.5,0.0,228.0,0.0,932.0,594.0,270.0,40.269535256000005,98.1726,323.0217
332.5,142.5,0.0,228.0,0.0,932.0,594.0,365.0,41.052779992,98.1726,323.0217
198.6,132.4,0.0,192.0,0.0,978.4,825.5,360.0,44.296075096,79.2924,201.4762
266.0,114.0,0.0,228.0,0.0,932.0,670.0,90.0,47.029847436,84.599,260.3958
380.0,95.0,0.0,228.0,0.0,932.0,594.0,365.0,43.698299404,99.1226,362.3992
380.0,95.0,0.0,228.0,0.0,932.0,594.0,28.0,36.447769788,99.1226,362.3992
266.0,114.0,0.0,228.0,0.0,932.0,670.0,28.0,45.854290856,84.599,260.3958
475.0,0.0,0.0,228.0,0.0,932.0,594.0,28.0,39.28978986,101.0226,441.1542
198.6,132.4,0.0,192.0,0.0,978.4,825.5,90.0,38.074243671999994,79.2924,201.4762
198.6,132.4,0.0,192.0,0.0,978.4,825.5,28.0,28.021683592,79.2924,201.4762
427.5,47.5,0.0,228.0,0.0,932.0,594.0,270.0,43.01296026,100.0726,401.7767
190.0,190.0,0.0,228.0,0.0,932.0,670.0,90.0,42.32693164,83.079,197.3918
304.0,76.0,0.0,228.0,0.0,932.0,670.0,28.0,47.813781648,85.359,291.8978
380.0,0.0,0.0,228.0,0.0,932.0,670.0,90.0,52.908319811999995,86.879,354.9018
139.6,209.4,0.0,192.0,0.0,1047.0,806.9,90.0,39.358047983999995,81.5744,154.321
342.0,38.0,0.0,228.0,0.0,932.0,670.0,365.0,56.141962252,86.119,323.3998
380.0,95.0,0.0,228.0,0.0,932.0,594.0,90.0,40.563252031999994,99.1226,362.3992
475.0,0.0,0.0,228.0,0.0,932.0,594.0,180.0,42.620648416,101.0226,441.1542
427.5,47.5,0.0,228.0,0.0,932.0,594.0,180.0,41.836714204,100.0726,401.7767
139.6,209.4,0.0,192.0,0.0,1047.0,806.9,28.0,28.23748958,81.5744,154.321
139.6,209.4,0.0,192.0,0.0,1047.0,806.9,3.0,8.06342182,81.5744,154.321
139.6,209.4,0.0,192.0,0.0,1047.0,806.9,180.0,44.207822168,81.5744,154.321
380.0,0.0,0.0,228.0,0.0,932.0,670.0,365.0,52.516697443999995,86.879,354.9018
380.0,0.0,0.0,228.0,0.0,932.0,670.0,270.0,53.300631656,86.879,354.9018
380.0,95.0,0.0,228.0,0.0,932.0,594.0,270.0,41.15137506,99.1226,362.3992
342.0,38.0,0.0,228.0,0.0,932.0,670.0,180.0,52.1243856,86.119,323.3998
427.5,47.5,0.0,228.0,0.0,932.0,594.0,28.0,37.427515183999994,100.0726,401.7767
475.0,0.0,0.0,228.0,0.0,932.0,594.0,7.0,38.60376124,101.0226,441.1542
304.0,76.0,0.0,228.0,0.0,932.0,670.0,365.0,55.260122448,85.359,291.8978
266.0,114.0,0.0,228.0,0.0,932.0,670.0,365.0,52.908319811999995,84.599,260.3958
198.6,132.4,0.0,192.0,0.0,978.4,825.5,180.0,41.719503284,79.2924,201.4762
475.0,0.0,0.0,228.0,0.0,932.0,594.0,270.0,42.131120456,101.0226,441.1542
190.0,190.0,0.0,228.0,0.0,932.0,670.0,365.0,53.69225402399999,83.079,197.3918
237.5,237.5,0.0,228.0,0.0,932.0,594.0,270.0,38.407950056,96.2726,244.2667
237.5,237.5,0.0,228.0,0.0,932.0,594.0,28.0,30.079769451999997,96.2726,244.2667
332.5,142.5,0.0,228.0,0.0,932.0,594.0,90.0,37.721921436,98.1726,323.0217
475.0,0.0,0.0,228.0,0.0,932.0,594.0,90.0,42.229026048,101.0226,441.1542
237.5,237.5,0.0,228.0,0.0,932.0,594.0,180.0,36.251958603999995,96.2726,244.2667
342.0,38.0,0.0,228.0,0.0,932.0,670.0,90.0,50.45930106,86.119,323.3998
427.5,47.5,0.0,228.0,0.0,932.0,594.0,365.0,43.698299404,100.0726,401.7767
237.5,237.5,0.0,228.0,0.0,932.0,594.0,365.0,38.995383608,96.2726,244.2667
380.0,0.0,0.0,228.0,0.0,932.0,670.0,180.0,53.104130996,86.879,354.9018
427.5,47.5,0.0,228.0,0.0,932.0,594.0,90.0,41.542997428,100.0726,401.7767
427.5,47.5,0.0,228.0,0.0,932.0,594.0,7.0,35.076402024,100.0726,401.7767
349.0,0.0,0.0,192.0,0.0,1047.0,806.9,3.0,15.049192652,85.7624,327.9136
380.0,95.0,0.0,228.0,0.0,932.0,594.0,180.0,40.759063216,99.1226,362.3992
237.5,237.5,0.0,228.0,0.0,932.0,594.0,7.0,26.258003984,96.2726,244.2667
380.0,95.0,0.0,228.0,0.0,932.0,594.0,7.0,32.823194456,99.1226,362.3992
332.5,142.5,0.0,228.0,0.0,932.0,594.0,180.0,39.77931782,98.1726,323.0217
190.0,190.0,0.0,228.0,0.0,932.0,670.0,180.0,46.931941843999994,83.079,197.3918
237.5,237.5,0.0,228.0,0.0,932.0,594.0,90.0,33.116911232,96.2726,244.2667
304.0,76.0,0.0,228.0,0.0,932.0,670.0,90.0,49.185149411999994,85.359,291.8978
139.6,209.4,0.0,192.0,0.0,1047.0,806.9,7.0,14.58931216,81.5744,154.321
198.6,132.4,0.0,192.0,0.0,978.4,825.5,7.0,14.638264956,79.2924,201.4762
475.0,0.0,0.0,228.0,0.0,932.0,594.0,365.0,41.934619796,101.0226,441.1542
198.6,132.4,0.0,192.0,0.0,978.4,825.5,3.0,9.131420144,79.2924,201.4762
304.0,76.0,0.0,228.0,0.0,932.0,670.0,180.0,50.94882902,85.359,291.8978
332.5,142.5,0.0,228.0,0.0,932.0,594.0,28.0,33.019005639999996,98.1726,323.0217
304.0,76.0,0.0,228.0,0.0,932.0,670.0,270.0,54.378282643999995,85.359,291.8978
266.0,114.0,0.0,228.0,0.0,932.0,670.0,270.0,51.732763232,84.599,260.3958
310.0,0.0,0.0,192.0,0.0,971.0,850.6,3.0,9.86640156,78.7998,292.1733
190.0,190.0,0.0,228.0,0.0,932.0,670.0,270.0,50.655112243999994,83.079,197.3918
266.0,114.0,0.0,228.0,0.0,932.0,670.0,180.0,48.695621452,84.599,260.3958
342.0,38.0,0.0,228.0,0.0,932.0,670.0,270.0,55.064311264,86.119,323.3998
139.6,209.4,0.0,192.0,0.0,1047.0,806.9,360.0,44.698039603999995,81.5744,154.321
332.5,142.5,0.0,228.0,0.0,932.0,594.0,7.0,30.275580636,98.1726,323.0217
190.0,190.0,0.0,228.0,0.0,932.0,670.0,28.0,40.856968808,83.079,197.3918
485.0,0.0,0.0,146.0,0.0,1120.0,800.0,28.0,71.98818916,108.612,452.2742
374.0,189.2,0.0,170.1,10.1,926.1,756.7,3.0,34.39795764,133.5931,384.513
313.3,262.2,0.0,175.5,8.6,1046.9,611.8,3.0,28.79941252,131.2118,332.2846
425.0,106.3,0.0,153.5,16.5,852.1,887.1,3.0,33.398217439999996,143.4314,436.4508
425.0,106.3,0.0,151.4,18.6,936.0,803.7,3.0,36.3009114,147.9362,440.4091
375.0,93.8,0.0,126.6,23.4,852.1,992.6,3.0,28.99936056,148.8941,403.3141
475.0,118.8,0.0,181.1,8.9,852.1,781.5,3.0,37.79707432,136.5688,468.2713
469.0,117.2,0.0,137.8,32.2,852.1,840.5,3.0,40.1964508,182.7183,506.7565
425.0,106.3,0.0,153.5,16.5,852.1,887.1,3.0,33.398217439999996,143.4314,436.4508
388.6,97.1,0.0,157.9,12.1,852.1,925.7,3.0,28.096147,128.0648,394.4168
531.3,0.0,0.0,141.8,28.2,852.1,893.7,3.0,41.2996124,169.0258,546.5992
425.0,106.3,0.0,153.5,16.5,852.1,887.1,3.0,33.398217439999996,143.4314,436.4508
318.8,212.5,0.0,155.7,14.3,852.1,880.4,3.0,25.2003478,136.8187,344.2416
401.8,94.7,0.0,147.4,11.4,946.8,852.1,3.0,41.09966436,129.054,405.0535
362.6,189.0,0.0,164.9,11.6,944.7,755.8,3.0,35.3011712,135.0437,377.0099
323.7,282.8,0.0,183.8,10.3,942.7,659.9,3.0,28.296095039999997,138.0215,346.3816
379.5,151.2,0.0,153.9,15.9,1134.3,605.0,3.0,28.59946448,142.2556,397.5824
362.6,189.0,0.0,164.9,11.6,944.7,755.8,3.0,35.3011712,135.0437,377.0099
286.3,200.9,0.0,144.7,11.2,1004.6,803.7,3.0,24.40055564,125.3753,308.2089
362.6,189.0,0.0,164.9,11.6,944.7,755.8,3.0,35.3011712,135.0437,377.0099
439.0,177.0,0.0,186.0,11.1,884.9,707.9,3.0,39.300132,142.9176,444.2028
389.9,189.0,0.0,145.9,22.0,944.7,755.8,3.0,40.59634688,160.1737,421.453
362.6,189.0,0.0,164.9,11.6,944.7,755.8,3.0,35.3011712,135.0437,377.0099
337.9,189.0,0.0,174.9,9.5,944.7,755.8,3.0,24.0971862,126.9117,350.539
374.0,189.2,0.0,170.1,10.1,926.1,756.7,7.0,46.20178676,133.5931,384.513
313.3,262.2,0.0,175.5,8.6,1046.9,611.8,7.0,42.79577532,131.2118,332.2846
425.0,106.3,0.0,153.5,16.5,852.1,887.1,7.0,49.20100736,143.4314,436.4508
425.0,106.3,0.0,151.4,18.6,936.0,803.7,7.0,46.80163088,147.9362,440.4091
375.0,93.8,0.0,126.6,23.4,852.1,992.6,7.0,45.69846928,148.8941,403.3141
475.0,118.8,0.0,181.1,8.9,852.1,781.5,7.0,55.59934464,136.5688,468.2713
469.0,117.2,0.0,137.8,32.2,852.1,840.5,7.0,54.89607912,182.7183,506.7565
425.0,106.3,0.0,153.5,16.5,852.1,887.1,7.0,49.20100736,143.4314,436.4508
388.6,97.1,0.0,157.9,12.1,852.1,925.7,7.0,34.90127512,128.0648,394.4168
531.3,0.0,0.0,141.8,28.2,852.1,893.7,7.0,46.89815752,169.0258,546.5992
425.0,106.3,0.0,153.5,16.5,852.1,887.1,7.0,49.20100736,143.4314,436.4508
318.8,212.5,0.0,155.7,14.3,852.1,880.4,7.0,33.398217439999996,136.8187,344.2416
401.8,94.7,0.0,147.4,11.4,946.8,852.1,7.0,54.09628696,129.054,405.0535
362.6,189.0,0.0,164.9,11.6,944.7,755.8,7.0,55.89581932,135.0437,377.0099
323.7,282.8,0.0,183.8,10.3,942.7,659.9,7.0,49.80085148,138.0215,346.3816
379.5,151.2,0.0,153.9,15.9,1134.3,605.0,7.0,47.09810556,142.2556,397.5824
362.6,189.0,0.0,164.9,11.6,944.7,755.8,7.0,55.89581932,135.0437,377.0099
286.3,200.9,0.0,144.7,11.2,1004.6,803.7,7.0,37.997022359999995,125.3753,308.2089
362.6,189.0,0.0,164.9,11.6,944.7,755.8,7.0,55.89581932,135.0437,377.0099
439.0,177.0,0.0,186.0,11.1,884.9,707.9,7.0,56.09576736,142.9176,444.2028
389.9,189.0,0.0,145.9,22.0,944.7,755.8,7.0,59.09498796,160.1737,421.453
362.6,189.0,0.0,164.9,11.6,944.7,755.8,7.0,22.89749796,135.0437,377.0099
337.9,189.0,0.0,174.9,9.5,944.7,755.8,7.0,35.101223159999996,126.9117,350.539
374.0,189.2,0.0,170.1,10.1,926.1,756.7,28.0,61.09446836,133.5931,384.513
313.3,262.2,0.0,175.5,8.6,1046.9,611.8,28.0,59.79825348,131.2118,332.2846
425.0,106.3,0.0,153.5,16.5,852.1,887.1,28.0,60.2946762,143.4314,436.4508
425.0,106.3,0.0,151.4,18.6,936.0,803.7,28.0,61.79773388,147.9362,440.4091
375.0,93.8,0.0,126.6,23.4,852.1,992.6,28.0,56.69561148,148.8941,403.3141
475.0,118.8,0.0,181.1,8.9,852.1,781.5,28.0,68.29949256,136.5688,468.2713
469.0,117.2,0.0,137.8,32.2,852.1,840.5,28.0,66.89985628,182.7183,506.7565
425.0,106.3,0.0,153.5,16.5,852.1,887.1,28.0,60.2946762,143.4314,436.4508
388.6,97.1,0.0,157.9,12.1,852.1,925.7,28.0,50.69717028,128.0648,394.4168
531.3,0.0,0.0,141.8,28.2,852.1,893.7,28.0,56.3991368,169.0258,546.5992
425.0,106.3,0.0,153.5,16.5,852.1,887.1,28.0,60.2946762,143.4314,436.4508
318.8,212.5,0.0,155.7,14.3,852.1,880.4,28.0,55.49592324,136.8187,344.2416
401.8,94.7,0.0,147.4,11.4,946.8,852.1,28.0,68.4994406,129.054,405.0535
362.6,189.0,0.0,164.9,11.6,944.7,755.8,28.0,71.29871315999999,135.0437,377.0099
323.7,282.8,0.0,183.8,10.3,942.7,659.9,28.0,74.69782984,138.0215,346.3816
379.5,151.2,0.0,153.9,15.9,1134.3,605.0,28.0,52.20022796,142.2556,397.5824
362.6,189.0,0.0,164.9,11.6,944.7,755.8,28.0,71.29871315999999,135.0437,377.0099
286.3,200.9,0.0,144.7,11.2,1004.6,803.7,28.0,67.69964844,125.3753,308.2089
362.6,189.0,0.0,164.9,11.6,944.7,755.8,28.0,71.29871315999999,135.0437,377.0099
439.0,177.0,0.0,186.0,11.1,884.9,707.9,28.0,65.99664272,142.9176,444.2028
389.9,189.0,0.0,145.9,22.0,944.7,755.8,28.0,74.4978818,160.1737,421.453
362.6,189.0,0.0,164.9,11.6,944.7,755.8,28.0,71.29871315999999,135.0437,377.0099
337.9,189.0,0.0,174.9,9.5,944.7,755.8,28.0,49.89737812,126.9117,350.539
374.0,189.2,0.0,170.1,10.1,926.1,756.7,56.0,63.3973182,133.5931,384.513
313.3,262.2,0.0,175.5,8.6,1046.9,611.8,56.0,64.90037588,131.2118,332.2846
425.0,106.3,0.0,153.5,16.5,852.1,887.1,56.0,64.30053176,143.4314,436.4508
425.0,106.3,0.0,151.4,18.6,936.0,803.7,56.0,64.90037588,147.9362,440.4091
375.0,93.8,0.0,126.6,23.4,852.1,992.6,56.0,60.19814956,148.8941,403.3141
475.0,118.8,0.0,181.1,8.9,852.1,781.5,56.0,72.29845336,136.5688,468.2713
469.0,117.2,0.0,137.8,32.2,852.1,840.5,56.0,69.29923276,182.7183,506.7565
425.0,106.3,0.0,153.5,16.5,852.1,887.1,56.0,64.30053176,143.4314,436.4508
388.6,97.1,0.0,157.9,12.1,852.1,925.7,56.0,55.19944856,128.0648,394.4168
531.3,0.0,0.0,141.8,28.2,852.1,893.7,56.0,58.798513279999995,169.0258,546.5992
425.0,106.3,0.0,153.5,16.5,852.1,887.1,56.0,64.30053176,143.4314,436.4508
318.8,212.5,0.0,155.7,14.3,852.1,880.4,56.0,66.10006412,136.8187,344.2416
401.8,94.7,0.0,147.4,11.4,946.8,852.1,56.0,73.69808963999999,129.054,405.0535
362.6,189.0,0.0,164.9,11.6,944.7,755.8,56.0,77.29715436,135.0437,377.0099
323.7,282.8,0.0,183.8,10.3,942.7,659.9,56.0,80.19984832,138.0215,346.3816
379.5,151.2,0.0,153.9,15.9,1134.3,605.0,56.0,54.89607912,142.2556,397.5824
362.6,189.0,0.0,164.9,11.6,944.7,755.8,56.0,77.29715436,135.0437,377.0099
286.3,200.9,0.0,144.7,11.2,1004.6,803.7,56.0,72.99482412,125.3753,308.2089
362.6,189.0,0.0,164.9,11.6,944.7,755.8,56.0,77.29715436,135.0437,377.0099
439.0,177.0,0.0,186.0,11.1,884.9,707.9,56.0,71.69860924,142.9176,444.2028
389.9,189.0,0.0,145.9,22.0,944.7,755.8,56.0,79.40005615999999,160.1737,421.453
362.6,189.0,0.0,164.9,11.6,944.7,755.8,56.0,77.29715436,135.0437,377.0099
337.9,189.0,0.0,174.9,9.5,944.7,755.8,56.0,59.89478012,126.9117,350.539
374.0,189.2,0.0,170.1,10.1,926.1,756.7,91.0,64.90037588,133.5931,384.513
313.3,262.2,0.0,175.5,8.6,1046.9,611.8,91.0,66.59648684,131.2118,332.2846
425.0,106.3,0.0,153.5,16.5,852.1,887.1,91.0,65.19685056,143.4314,436.4508
425.0,106.3,0.0,151.4,18.6,936.0,803.7,91.0,66.69990824,147.9362,440.4091
375.0,93.8,0.0,126.6,23.4,852.1,992.6,91.0,62.5009994,148.8941,403.3141
475.0,118.8,0.0,181.1,8.9,852.1,781.5,91.0,74.19451236,136.5688,468.2713
469.0,117.2,0.0,137.8,32.2,852.1,840.5,91.0,70.69886903999999,182.7183,506.7565
425.0,106.3,0.0,153.5,16.5,852.1,887.1,91.0,65.19685056,143.4314,436.4508
388.6,97.1,0.0,157.9,12.1,852.1,925.7,91.0,57.59882504,128.0648,394.4168
531.3,0.0,0.0,141.8,28.2,852.1,893.7,91.0,59.19840936,169.0258,546.5992
425.0,106.3,0.0,153.5,16.5,852.1,887.1,91.0,65.19685056,143.4314,436.4508
318.8,212.5,0.0,155.7,14.3,852.1,880.4,91.0,68.09954452,136.8187,344.2416
401.8,94.7,0.0,147.4,11.4,946.8,852.1,91.0,75.49762199999999,129.054,405.0535
362.6,189.0,0.0,164.9,11.6,944.7,755.8,91.0,79.29663476,135.0437,377.0099
379.5,151.2,0.0,153.9,15.9,1134.3,605.0,91.0,56.49566344,142.2556,397.5824
362.6,189.0,0.0,164.9,11.6,944.7,755.8,91.0,79.29663476,135.0437,377.0099
286.3,200.9,0.0,144.7,11.2,1004.6,803.7,91.0,76.80073164,125.3753,308.2089
362.6,189.0,0.0,164.9,11.6,944.7,755.8,91.0,79.29663476,135.0437,377.0099
439.0,177.0,0.0,186.0,11.1,884.9,707.9,91.0,73.29819356,142.9176,444.2028
389.9,189.0,0.0,145.9,22.0,944.7,755.8,91.0,82.5992248,160.1737,421.453
362.6,189.0,0.0,164.9,11.6,944.7,755.8,91.0,79.29663476,135.0437,377.0099
337.9,189.0,0.0,174.9,9.5,944.7,755.8,91.0,67.79617508,126.9117,350.539
222.36,0.0,96.67,189.29,4.46,967.08,870.32,3.0,11.57630204,78.731,221.483
222.36,0.0,96.67,189.29,4.46,967.08,870.32,14.0,24.44881896,78.731,221.483
222.36,0.0,96.67,189.29,4.46,967.08,870.32,28.0,24.8900836,78.731,221.483
222.36,0.0,96.67,189.29,4.46,967.08,870.32,56.0,29.447519959999997,78.731,221.483
222.36,0.0,96.67,189.29,4.46,967.08,870.32,100.0,40.7135578,78.731,221.483
233.81,0.0,94.58,197.89,4.567,947.04,852.16,3.0,10.38350856,80.0866,231.916
233.81,0.0,94.58,197.89,4.567,947.04,852.16,14.0,22.13907436,80.0866,231.916
233.81,0.0,94.58,197.89,4.567,947.04,852.16,28.0,22.83544512,80.0866,231.916
233.81,0.0,94.58,197.89,4.567,947.04,852.16,56.0,27.66177712,80.0866,231.916
233.81,0.0,94.58,197.89,4.567,947.04,852.16,100.0,34.55653712,80.0866,231.916
194.68,0.0,100.52,165.62,7.48,1006.4,905.9,3.0,12.45193656,81.6701,202.3251
194.68,0.0,100.52,165.62,7.48,1006.4,905.9,14.0,24.986610239999997,81.6701,202.3251
194.68,0.0,100.52,165.62,7.48,1006.4,905.9,28.0,25.72434956,81.6701,202.3251
194.68,0.0,100.52,165.62,7.48,1006.4,905.9,56.0,33.963587759999996,81.6701,202.3251
194.68,0.0,100.52,165.62,7.48,1006.4,905.9,100.0,37.34202016,81.6701,202.3251
190.68,0.0,125.4,162.14,7.77,1090.0,804.01,3.0,15.04436632,82.8938,199.3352
190.68,0.0,125.4,162.14,7.77,1090.0,804.01,14.0,21.0634918,82.8938,199.3352
190.68,0.0,125.4,162.14,7.77,1090.0,804.01,28.0,26.40003604,82.8938,199.3352
190.68,0.0,125.4,162.14,7.77,1090.0,804.01,56.0,35.34253976,82.8938,199.3352
190.68,0.0,125.4,162.14,7.77,1090.0,804.01,100.0,40.56876784,82.8938,199.3352
212.07,0.0,121.62,180.31,5.69,1057.6,779.32,3.0,12.47262084,81.0934,214.6141
212.07,0.0,121.62,180.31,5.69,1057.6,779.32,14.0,20.91870184,81.0934,214.6141
212.07,0.0,121.62,180.31,5.69,1057.6,779.32,28.0,24.90387312,81.0934,214.6141
212.07,0.0,121.62,180.31,5.69,1057.6,779.32,56.0,34.20490436,81.0934,214.6141
212.07,0.0,121.62,180.31,5.69,1057.6,779.32,100.0,39.6103962,81.0934,214.6141
229.97,0.0,118.31,195.47,4.63,1029.4,758.59,3.0,10.0318758,80.9205,228.6725
229.97,0.0,118.31,195.47,4.63,1029.4,758.59,14.0,20.08443588,80.9205,228.6725
229.97,0.0,118.31,195.47,4.63,1029.4,758.59,28.0,24.48329276,80.9205,228.6725
229.97,0.0,118.31,195.47,4.63,1029.4,758.59,56.0,31.53663224,80.9205,228.6725
229.97,0.0,118.31,195.47,4.63,1029.4,758.59,100.0,35.34253976,80.9205,228.6725
190.34,0.0,125.18,161.85,9.88,1088.1,802.59,3.0,9.4458212,86.9949,202.9729
190.34,0.0,125.18,161.85,9.88,1088.1,802.59,14.0,22.7182342,86.9949,202.9729
190.34,0.0,125.18,161.85,9.88,1088.1,802.59,28.0,28.46846404,86.9949,202.9729
190.34,0.0,125.18,161.85,9.88,1088.1,802.59,56.0,38.56239268,86.9949,202.9729
190.34,0.0,125.18,161.85,9.88,1088.1,802.59,100.0,40.38950408,86.9949,202.9729
166.09,0.0,163.27,176.46,4.49,1058.6,780.09,3.0,10.76272036,73.4396,170.7653
166.09,0.0,163.27,176.46,4.49,1058.6,780.09,14.0,25.48303296,73.4396,170.7653
166.09,0.0,163.27,176.46,4.49,1058.6,780.09,28.0,21.53923024,73.4396,170.7653
166.09,0.0,163.27,176.46,4.49,1058.6,780.09,56.0,28.62704352,73.4396,170.7653
166.09,0.0,163.27,176.46,4.49,1058.6,780.09,100.0,33.5430074,73.4396,170.7653
167.95,42.08,163.83,121.75,5.72,1058.7,780.11,3.0,7.74971024,82.009,178.253
167.95,42.08,163.83,121.75,5.72,1058.7,780.11,14.0,17.8229546,82.009,178.253
167.95,42.08,163.83,121.75,5.72,1058.7,780.11,28.0,24.24197616,82.009,178.253
167.95,42.08,163.83,121.75,5.72,1058.7,780.11,56.0,32.8535314,82.009,178.253
167.95,42.08,163.83,121.75,5.72,1058.7,780.11,100.0,39.2311844,82.009,178.253
213.72,98.05,24.51,181.71,6.86,1065.8,785.38,3.0,17.9953236,92.7994,225.7538
213.72,98.05,24.51,181.71,6.86,1065.8,785.38,14.0,30.38520732,92.7994,225.7538
213.72,98.05,24.51,181.71,6.86,1065.8,785.38,28.0,45.70536404,92.7994,225.7538
213.72,98.05,24.51,181.71,6.86,1065.8,785.38,56.0,50.77301264,92.7994,225.7538
213.72,98.05,24.51,181.71,6.86,1065.8,785.38,100.0,53.90323368,92.7994,225.7538
213.76,98.06,24.52,181.74,6.65,1066.0,785.52,3.0,13.18278112,92.3932,225.3981
213.76,98.06,24.52,181.74,6.65,1066.0,785.52,14.0,17.83674412,92.3932,225.3981
213.76,98.06,24.52,181.74,6.65,1066.0,785.52,28.0,40.2309246,92.3932,225.3981
213.76,98.06,24.52,181.74,6.65,1066.0,785.52,56.0,47.13257936,92.3932,225.3981
213.76,98.06,24.52,181.74,6.65,1066.0,785.52,100.0,49.973220479999995,92.3932,225.3981
229.68,0.0,118.16,195.23,6.13,1028.1,757.63,3.0,13.35515012,83.8301,231.215
229.68,0.0,118.16,195.23,6.13,1028.1,757.63,14.0,22.31833812,83.8301,231.215
229.68,0.0,118.16,195.23,6.13,1028.1,757.63,28.0,24.53845084,83.8301,231.215
229.68,0.0,118.16,195.23,6.13,1028.1,757.63,56.0,31.35047372,83.8301,231.215
229.68,0.0,118.16,195.23,6.13,1028.1,757.63,100.0,40.85834776,83.8301,231.215
238.05,0.0,94.11,186.66,7.0,949.91,847.01,3.0,19.93275116,85.5637,240.338
238.05,0.0,94.11,186.66,7.0,949.91,847.01,14.0,25.68987576,85.5637,240.338
238.05,0.0,94.11,186.66,7.0,949.91,847.01,28.0,30.2335226,85.5637,240.338
238.05,0.0,94.11,186.66,7.0,949.91,847.01,56.0,39.58971192,85.5637,240.338
238.05,0.0,94.11,186.66,7.0,949.91,847.01,100.0,44.298833,85.5637,240.338
250.0,0.0,95.69,187.42,5.53,956.86,861.17,3.0,13.81709904,84.9347,248.594
250.0,0.0,95.69,187.42,5.53,956.86,861.17,14.0,24.91766264,84.9347,248.594
250.0,0.0,95.69,187.42,5.53,956.86,861.17,28.0,29.21999288,84.9347,248.594
250.0,0.0,95.69,187.42,5.53,956.86,861.17,56.0,38.32797084,84.9347,248.594
250.0,0.0,95.69,187.42,5.53,956.86,861.17,100.0,42.34761592,84.9347,248.594
212.52,0.0,100.37,159.32,8.71,1007.8,903.59,3.0,13.54130864,86.9567,220.8997
212.52,0.0,100.37,159.32,8.71,1007.8,903.59,14.0,26.310404159999997,86.9567,220.8997
212.52,0.0,100.37,159.32,8.71,1007.8,903.59,28.0,31.64005364,86.9567,220.8997
212.52,0.0,100.37,159.32,8.71,1007.8,903.59,56.0,42.54756396,86.9567,220.8997
212.52,0.0,100.37,159.32,8.71,1007.8,903.59,100.0,42.919881,86.9567,220.8997
212.57,0.0,100.39,159.35,10.37,1003.8,903.79,3.0,13.33446584,90.2186,224.0465
212.57,0.0,100.39,159.35,10.37,1003.8,903.79,14.0,25.3727168,90.2186,224.0465
212.57,0.0,100.39,159.35,10.37,1003.8,903.79,28.0,37.404073,90.2186,224.0465
212.57,0.0,100.39,159.35,10.37,1003.8,903.79,56.0,44.395359639999995,90.2186,224.0465
212.57,0.0,100.39,159.35,10.37,1003.8,903.79,100.0,47.73931824,90.2186,224.0465
212.0,0.0,124.78,159.0,7.84,1085.4,799.54,3.0,19.51906556,86.2651,218.8579
212.0,0.0,124.78,159.0,7.84,1085.4,799.54,14.0,31.35047372,86.2651,218.8579
212.0,0.0,124.78,159.0,7.84,1085.4,799.54,28.0,38.500339839999995,86.2651,218.8579
212.0,0.0,124.78,159.0,7.84,1085.4,799.54,56.0,45.08483564,86.2651,218.8579
212.0,0.0,124.78,159.0,7.84,1085.4,799.54,100.0,47.8151606,86.2651,218.8579
231.75,0.0,121.62,173.96,6.72,1056.4,778.45,3.0,15.43736764,86.2564,234.4858
231.75,0.0,121.62,173.96,6.72,1056.4,778.45,14.0,26.77235308,86.2564,234.4858
231.75,0.0,121.62,173.96,6.72,1056.4,778.45,28.0,33.72916592,86.2564,234.4858
231.75,0.0,121.62,173.96,6.72,1056.4,778.45,56.0,42.69924868,86.2564,234.4858
231.75,0.0,121.62,173.96,6.72,1056.4,778.45,100.0,45.83636448,86.2564,234.4858
251.37,0.0,118.27,188.45,5.75,1028.4,757.73,3.0,17.22311048,86.539,250.2825
251.37,0.0,118.27,188.45,5.75,1028.4,757.73,14.0,29.93015316,86.539,250.2825
251.37,0.0,118.27,188.45,5.75,1028.4,757.73,28.0,29.65436276,86.539,250.2825
251.37,0.0,118.27,188.45,5.75,1028.4,757.73,56.0,36.96970312,86.539,250.2825
251.37,0.0,118.27,188.45,5.75,1028.4,757.73,100.0,43.58177796,86.539,250.2825
251.37,0.0,118.27,188.45,6.35,1028.4,757.73,3.0,13.12072828,87.739,251.4105
251.37,0.0,118.27,188.45,6.35,1028.4,757.73,14.0,24.42813468,87.739,251.4105
251.37,0.0,118.27,188.45,6.35,1028.4,757.73,28.0,32.66047812,87.739,251.4105
251.37,0.0,118.27,188.45,6.35,1028.4,757.73,56.0,36.63875464,87.739,251.4105
251.37,0.0,118.27,188.45,6.35,1028.4,757.73,100.0,44.20920112,87.739,251.4105
181.38,0.0,167.01,169.59,7.56,1055.6,777.8,3.0,13.62404576,82.1149,190.4817
181.38,0.0,167.01,169.59,7.56,1055.6,777.8,14.0,21.60128308,82.1149,190.4817
181.38,0.0,167.01,169.59,7.56,1055.6,777.8,28.0,27.77209328,82.1149,190.4817
181.38,0.0,167.01,169.59,7.56,1055.6,777.8,56.0,35.570066839999996,82.1149,190.4817
181.38,0.0,167.01,169.59,7.56,1055.6,777.8,100.0,45.3675208,82.1149,190.4817
182.04,45.21,121.97,170.21,8.19,1059.4,780.65,3.0,7.31534036,87.6653,195.6946
182.04,45.21,121.97,170.21,8.19,1059.4,780.65,14.0,21.50475644,87.6653,195.6946
182.04,45.21,121.97,170.21,8.19,1059.4,780.65,28.0,31.2677366,87.6653,195.6946
182.04,45.21,121.97,170.21,8.19,1059.4,780.65,56.0,43.49904084,87.6653,195.6946
182.04,45.21,121.97,170.21,8.19,1059.4,780.65,100.0,48.67011084,87.6653,195.6946
168.88,42.22,124.25,158.33,10.83,1080.8,796.15,3.0,7.39807748,91.1012,188.6122
168.88,42.22,124.25,158.33,10.83,1080.8,796.15,14.0,23.5111316,91.1012,188.6122
168.88,42.22,124.25,158.33,10.83,1080.8,796.15,28.0,31.11605188,91.1012,188.6122
168.88,42.22,124.25,158.33,10.83,1080.8,796.15,56.0,39.14844728,91.1012,188.6122
168.88,42.22,124.25,158.33,10.83,1080.8,796.15,100.0,48.15300384,91.1012,188.6122
290.35,0.0,96.18,168.08,9.41,961.18,865.0,3.0,22.50449664,99.2653,292.7269
290.35,0.0,96.18,168.08,9.41,961.18,865.0,14.0,34.67374804,99.2653,292.7269
290.35,0.0,96.18,168.08,9.41,961.18,865.0,28.0,34.73580088,99.2653,292.7269
290.35,0.0,96.18,168.08,9.41,961.18,865.0,56.0,45.08483564,99.2653,292.7269
290.35,0.0,96.18,168.08,9.41,961.18,865.0,100.0,48.97348028,99.2653,292.7269
277.05,0.0,97.39,160.6,11.83,973.9,875.61,3.0,23.13881456,102.3929,285.2743
277.05,0.0,97.39,160.6,11.83,973.9,875.61,14.0,41.885667,102.3929,285.2743
277.05,0.0,97.39,160.6,11.83,973.9,875.61,28.0,48.28400428,102.3929,285.2743
277.05,0.0,97.39,160.6,11.83,973.9,875.61,56.0,51.03501352,102.3929,285.2743
277.05,0.0,97.39,160.6,11.83,973.9,875.61,100.0,55.6407132,102.3929,285.2743
295.71,0.0,95.64,171.54,8.87,955.14,859.2,3.0,22.94576128,98.8365,296.5359
295.71,0.0,95.64,171.54,8.87,955.14,859.2,14.0,35.2322236,98.8365,296.5359
295.71,0.0,95.64,171.54,8.87,955.14,859.2,28.0,39.94134468,98.8365,296.5359
295.71,0.0,95.64,171.54,8.87,955.14,859.2,56.0,48.71837416,98.8365,296.5359
295.71,0.0,95.64,171.54,8.87,955.14,859.2,100.0,52.04164848,98.8365,296.5359
251.81,0.0,99.94,146.14,12.35,1006.0,899.76,3.0,21.02212324,100.3905,263.5385
251.81,0.0,99.94,146.14,12.35,1006.0,899.76,14.0,33.35684888,100.3905,263.5385
251.81,0.0,99.94,146.14,12.35,1006.0,899.76,28.0,33.94290348,100.3905,263.5385
251.81,0.0,99.94,146.14,12.35,1006.0,899.76,56.0,44.14025352,100.3905,263.5385
251.81,0.0,99.94,146.14,12.35,1006.0,899.76,100.0,45.3675208,100.3905,263.5385
249.1,0.0,98.75,158.11,12.8,987.76,889.01,3.0,15.36152528,100.3528,261.7579
249.1,0.0,98.75,158.11,12.8,987.76,889.01,14.0,28.6822016,100.3528,261.7579
249.1,0.0,98.75,158.11,12.8,987.76,889.01,28.0,30.84715624,100.3528,261.7579
249.1,0.0,98.75,158.11,12.8,987.76,889.01,56.0,42.030456959999995,100.3528,261.7579
249.1,0.0,98.75,158.11,12.8,987.76,889.01,100.0,51.0556978,100.3528,261.7579
252.31,0.0,98.75,146.25,14.17,987.76,889.01,3.0,21.78054684,103.5826,267.2569
252.31,0.0,98.75,146.25,14.17,987.76,889.01,14.0,42.29245784,103.5826,267.2569
252.31,0.0,98.75,146.25,14.17,987.76,889.01,28.0,50.60064364,103.5826,267.2569
252.31,0.0,98.75,146.25,14.17,987.76,889.01,56.0,55.82687172,103.5826,267.2569
252.31,0.0,98.75,146.25,14.17,987.76,889.01,100.0,60.9496784,103.5826,267.2569
246.83,0.0,125.08,143.3,11.99,1086.8,800.89,3.0,23.52492112,100.1648,258.436
246.83,0.0,125.08,143.3,11.99,1086.8,800.89,14.0,42.21661548,100.1648,258.436
246.83,0.0,125.08,143.3,11.99,1086.8,800.89,28.0,52.5035974,100.1648,258.436
246.83,0.0,125.08,143.3,11.99,1086.8,800.89,56.0,60.32225524,100.1648,258.436
246.83,0.0,125.08,143.3,11.99,1086.8,800.89,100.0,66.42411784,100.1648,258.436
275.07,0.0,121.35,159.48,9.9,1053.6,777.5,3.0,23.80071152,99.4429,279.9455
275.07,0.0,121.35,159.48,9.9,1053.6,777.5,14.0,38.76923548,99.4429,279.9455
275.07,0.0,121.35,159.48,9.9,1053.6,777.5,28.0,51.331488199999995,99.4429,279.9455
275.07,0.0,121.35,159.48,9.9,1053.6,777.5,56.0,56.847296199999995,99.4429,279.9455
275.07,0.0,121.35,159.48,9.9,1053.6,777.5,100.0,58.60546,99.4429,279.9455
297.16,0.0,117.54,174.8,9.52,1022.8,753.45,3.0,21.91154728,101.1842,299.0691
297.16,0.0,117.54,174.8,9.52,1022.8,753.45,14.0,36.9903874,101.1842,299.0691
297.16,0.0,117.54,174.8,9.52,1022.8,753.45,28.0,47.401475,101.1842,299.0691
297.16,0.0,117.54,174.8,9.52,1022.8,753.45,56.0,51.95891136,101.1842,299.0691
297.16,0.0,117.54,174.8,9.52,1022.8,753.45,100.0,56.7438748,101.1842,299.0691
213.74,0.0,174.74,154.79,10.16,1053.5,776.35,3.0,17.57474324,92.7925,224.9204
213.74,0.0,174.74,154.79,10.16,1053.5,776.35,14.0,33.72916592,92.7925,224.9204
213.74,0.0,174.74,154.79,10.16,1053.5,776.35,28.0,40.14818748,92.7925,224.9204
213.74,0.0,174.74,154.79,10.16,1053.5,776.35,56.0,46.6430514,92.7925,224.9204
213.74,0.0,174.74,154.79,10.16,1053.5,776.35,100.0,50.07664188,92.7925,224.9204
213.5,0.0,174.24,154.61,11.66,1052.3,775.48,3.0,17.36790044,95.6956,227.5068
213.5,0.0,174.24,154.61,11.66,1052.3,775.48,14.0,33.70158688,95.6956,227.5068
213.5,0.0,174.24,154.61,11.66,1052.3,775.48,28.0,45.939785879999995,95.6956,227.5068
213.5,0.0,174.24,154.61,11.66,1052.3,775.48,56.0,51.4349096,95.6956,227.5068
213.5,0.0,174.24,154.61,11.66,1052.3,775.48,100.0,59.30183076,95.6956,227.5068
277.19,97.82,24.46,160.7,11.19,1061.7,782.46,3.0,30.44726016,111.4255,291.7159
277.19,97.82,24.46,160.7,11.19,1061.7,782.46,14.0,47.7117392,111.4255,291.7159
277.19,97.82,24.46,160.7,11.19,1061.7,782.46,28.0,63.14221208,111.4255,291.7159
277.19,97.82,24.46,160.7,11.19,1061.7,782.46,56.0,66.82401392,111.4255,291.7159
277.19,97.82,24.46,160.7,11.19,1061.7,782.46,100.0,66.9481196,111.4255,291.7159
218.23,54.64,123.78,140.75,11.91,1075.7,792.67,3.0,27.42046052,102.6998,236.6266
218.23,54.64,123.78,140.75,11.91,1075.7,792.67,14.0,35.9561734,102.6998,236.6266
218.23,54.64,123.78,140.75,11.91,1075.7,792.67,28.0,55.50971276,102.6998,236.6266
218.23,54.64,123.78,140.75,11.91,1075.7,792.67,56.0,61.99078716,102.6998,236.6266
218.23,54.64,123.78,140.75,11.91,1075.7,792.67,100.0,63.528318639999995,102.6998,236.6266
214.9,53.8,121.89,155.63,9.61,1014.3,780.58,3.0,18.01600788,96.1421,228.805
214.9,53.8,121.89,155.63,9.61,1014.3,780.58,14.0,38.60376124,96.1421,228.805
214.9,53.8,121.89,155.63,9.61,1014.3,780.58,28.0,52.20022796,96.1421,228.805
214.9,53.8,121.89,155.63,9.61,1014.3,780.58,56.0,53.95839176,96.1421,228.805
214.9,53.8,121.89,155.63,9.61,1014.3,780.58,100.0,56.63355864,96.1421,228.805
218.85,0.0,124.13,158.49,11.33,1078.7,794.91,3.0,15.340841,94.126,231.6024
218.85,0.0,124.13,158.49,11.33,1078.7,794.91,14.0,26.04840328,94.126,231.6024
218.85,0.0,124.13,158.49,11.33,1078.7,794.91,28.0,30.219733079999997,94.126,231.6024
218.85,0.0,124.13,158.49,11.33,1078.7,794.91,56.0,37.2661778,94.126,231.6024
218.85,0.0,124.13,158.49,11.33,1078.7,794.91,100.0,46.2293658,94.126,231.6024
376.0,0.0,0.0,214.6,0.0,1003.5,762.36,3.0,16.27852836,88.7473,352.0921
376.0,0.0,0.0,214.6,0.0,1003.5,762.36,14.0,25.62092816,88.7473,352.0921
376.0,0.0,0.0,214.6,0.0,1003.5,762.36,28.0,31.97100212,88.7473,352.0921
376.0,0.0,0.0,214.6,0.0,1003.5,762.36,56.0,36.3009114,88.7473,352.0921
376.0,0.0,0.0,214.6,0.0,1003.5,762.36,100.0,43.0577762,88.7473,352.0921
500.0,0.0,0.0,140.0,4.0,966.0,853.0,28.0,67.568648,117.0417,472.9417
475.0,0.0,59.0,142.0,1.9,1098.0,641.0,28.0,57.226507999999995,111.1589,446.2715
315.0,137.0,0.0,145.0,5.9,1130.0,745.0,28.0,81.75116932,111.8005,319.4684
505.0,0.0,60.0,195.0,0.0,1030.0,630.0,28.0,64.0178466,110.972,469.6761
451.0,0.0,0.0,165.0,11.25,1030.0,745.0,28.0,78.80021203999999,123.3705,441.6743
516.0,0.0,0.0,162.0,8.2,801.0,802.0,28.0,41.36856,124.4493,494.3191
520.0,0.0,0.0,170.0,5.2,855.0,855.0,28.0,60.280886679999995,120.787,492.881
528.0,0.0,0.0,185.0,6.86,920.0,720.0,28.0,56.83350668,124.678,502.9524
520.0,0.0,0.0,175.0,5.2,870.0,805.0,28.0,51.021224,120.3645,492.7057
385.0,0.0,136.0,158.0,20.0,903.0,768.0,28.0,55.55108132,135.1937,398.4748
500.1,0.0,0.0,200.0,3.0,1124.4,613.2,28.0,44.13335876,114.6165,470.7742
450.1,50.0,0.0,200.0,3.0,1124.4,613.2,28.0,39.37597436,113.6165,429.3242
397.0,17.2,158.0,167.0,20.8,967.0,633.0,28.0,55.647607959999995,141.4832,412.1737
333.0,17.5,163.0,167.0,17.9,996.0,652.0,28.0,47.27736932,126.5068,348.6663
334.0,17.6,158.0,189.0,15.3,967.0,633.0,28.0,44.32641204,120.5032,344.4185
405.0,0.0,0.0,175.0,0.0,1120.0,695.0,28.0,52.30364936,94.4105,378.7887
200.0,200.0,0.0,190.0,0.0,1145.0,660.0,28.0,49.249270679999995,89.5915,208.3854
516.0,0.0,0.0,162.0,8.26,801.0,802.0,28.0,41.36856,124.5693,494.4319
145.0,116.0,119.0,184.0,5.7,833.0,880.0,28.0,29.15794004,83.9675,162.4189
160.0,128.0,122.0,182.0,6.4,824.0,879.0,28.0,39.39665864,89.4221,178.3823
234.0,156.0,0.0,189.0,5.85,981.0,760.0,28.0,39.300132,99.0895,246.3962
250.0,180.0,95.0,159.0,9.45,860.0,800.0,28.0,67.86512268,115.338,270.0727
475.0,0.0,0.0,162.0,9.5,1044.0,662.0,28.0,58.52272288,122.7958,459.9207
285.0,190.0,0.0,163.0,7.6,1031.0,685.0,28.0,53.57917996,115.29,298.8888
356.0,119.0,0.0,160.0,9.03,1061.0,657.0,28.0,58.99846132,119.6998,360.4483
275.0,180.0,120.0,162.0,10.35,830.0,765.0,28.0,76.23536132,121.3825,294.4312
500.0,0.0,0.0,151.0,9.0,1033.0,655.0,28.0,69.83702404,125.484,481.684
165.0,0.02,143.57,163.81,0.0,1005.6,900.9,3.0,14.39625888,64.0294,161.5103
165.0,128.5,132.1,175.06,8.08,1005.8,746.6,3.0,19.41564416,95.4844,186.4907
178.03,129.8,118.6,179.94,3.57,1007.3,746.8,3.0,20.72564856,88.095,189.9057
167.35,129.9,128.62,175.46,7.79,1006.3,746.6,3.0,14.94094492,95.3119,188.1798
172.38,13.61,172.37,156.76,4.14,1006.3,856.4,3.0,21.29101888,76.2124,177.1567
173.54,50.05,173.53,164.77,6.47,1006.2,793.5,3.0,23.07676172,85.3576,185.3102
167.0,75.4,167.0,164.03,7.91,1007.3,770.1,3.0,15.52010476,90.1062,183.9909
173.81,93.37,159.9,172.34,9.73,1007.2,746.6,3.0,15.81657944,96.6848,194.9404
190.34,0.0,125.18,166.61,9.88,1079.0,798.9,3.0,12.5484632,86.7938,202.9084
250.0,0.0,95.69,191.84,5.33,948.9,857.2,3.0,8.48744956,84.349,248.1579
213.5,0.0,174.24,159.21,11.66,1043.6,771.9,3.0,15.60973664,95.5028,227.4449
194.68,0.0,100.52,170.17,7.48,998.0,901.8,3.0,12.17614616,81.4752,202.262
251.37,0.0,118.27,192.94,5.75,1043.6,754.3,3.0,11.98309288,86.7664,250.3456
165.0,0.02,143.57,163.81,0.0,1005.6,900.9,14.0,16.87837248,64.0294,161.5103
165.0,128.5,132.1,175.06,8.08,1005.8,746.6,14.0,33.08795324,95.4844,186.4907
178.03,129.8,118.6,179.94,3.57,1007.3,746.8,14.0,34.23937816,88.095,189.9057
167.35,129.9,128.62,175.46,7.79,1006.3,746.6,14.0,31.81242264,95.3119,188.1798
172.38,13.61,172.37,156.76,4.14,1006.3,856.4,14.0,29.7508894,76.2124,177.1567
173.54,50.05,173.53,164.77,6.47,1006.2,793.5,14.0,33.00521612,85.3576,185.3102
167.0,75.4,167.0,164.03,7.91,1007.3,770.1,14.0,32.90179472,90.1062,183.9909
173.81,93.37,159.9,172.34,9.73,1007.2,746.6,14.0,29.55094136,96.6848,194.9404
190.34,0.0,125.18,166.61,9.88,1079.0,798.9,14.0,19.41564416,86.7938,202.9084
250.0,0.0,95.69,191.84,5.33,948.9,857.2,14.0,24.65566176,84.349,248.1579
213.5,0.0,174.24,159.21,11.66,1043.6,771.9,14.0,29.59230992,95.5028,227.4449
194.68,0.0,100.52,170.17,7.48,998.0,901.8,14.0,24.28334472,81.4752,202.262
251.37,0.0,118.27,192.94,5.75,1043.6,754.3,14.0,20.72564856,86.7664,250.3456
165.0,0.02,143.57,163.81,0.0,1005.6,900.9,28.0,26.200088,64.0294,161.5103
165.0,128.5,132.1,175.06,8.08,1005.8,746.6,28.0,46.38794528,95.4844,186.4907
178.03,129.8,118.6,179.94,3.57,1007.3,746.8,28.0,39.1622368,88.095,189.9057
167.35,129.9,128.62,175.46,7.79,1006.3,746.6,28.0,41.20308576,95.3119,188.1798
172.38,13.61,172.37,156.76,4.14,1006.3,856.4,28.0,33.68779736,76.2124,177.1567
173.54,50.05,173.53,164.77,6.47,1006.2,793.5,28.0,38.20386516,85.3576,185.3102
167.0,75.4,167.0,164.03,7.91,1007.3,770.1,28.0,41.40992856,90.1062,183.9909
173.81,93.37,159.9,172.34,9.73,1007.2,746.6,28.0,37.81086384,96.6848,194.9404
190.34,0.0,125.18,166.61,9.88,1079.0,798.9,28.0,24.84871504,86.7938,202.9084
250.0,0.0,95.69,191.84,5.33,948.9,857.2,28.0,27.22051248,84.349,248.1579
213.5,0.0,174.24,159.21,11.66,1043.6,771.9,28.0,44.63667624,95.5028,227.4449
194.68,0.0,100.52,170.17,7.48,998.0,901.8,28.0,37.2661778,81.4752,202.262
251.37,0.0,118.27,192.94,5.75,1043.6,754.3,28.0,33.27411176,86.7664,250.3456
165.0,0.02,143.57,163.81,0.0,1005.6,900.9,56.0,36.56291228,64.0294,161.5103
165.0,128.5,132.1,175.06,8.08,1005.8,746.6,56.0,53.72396992,95.4844,186.4907
178.03,129.8,118.6,179.94,3.57,1007.3,746.8,56.0,48.587373719999995,88.095,189.9057
167.35,129.9,128.62,175.46,7.79,1006.3,746.6,56.0,51.72448952,95.3119,188.1798
172.38,13.61,172.37,156.76,4.14,1006.3,856.4,56.0,35.852751999999995,76.2124,177.1567
173.54,50.05,173.53,164.77,6.47,1006.2,793.5,56.0,53.77223324,85.3576,185.3102
167.0,75.4,167.0,164.03,7.91,1007.3,770.1,56.0,53.46196904,90.1062,183.9909
173.81,93.37,159.9,172.34,9.73,1007.2,746.6,56.0,48.9872698,96.6848,194.9404
190.34,0.0,125.18,166.61,9.88,1079.0,798.9,56.0,31.715896,86.7938,202.9084
250.0,0.0,95.69,191.84,5.33,948.9,857.2,56.0,39.64487,84.349,248.1579
213.5,0.0,174.24,159.21,11.66,1043.6,771.9,56.0,51.25564584,95.5028,227.4449
194.68,0.0,100.52,170.17,7.48,998.0,901.8,56.0,43.38872468,81.4752,202.262
251.37,0.0,118.27,192.94,5.75,1043.6,754.3,56.0,39.2656582,86.7664,250.3456
165.0,0.02,143.57,163.81,0.0,1005.6,900.9,100.0,37.9556538,64.0294,161.5103
165.0,128.5,132.1,175.06,8.08,1005.8,746.6,100.0,55.0201848,95.4844,186.4907
178.03,129.8,118.6,179.94,3.57,1007.3,746.8,100.0,49.99390476,88.095,189.9057
167.35,129.9,128.62,175.46,7.79,1006.3,746.6,100.0,53.65502232,95.3119,188.1798
172.38,13.61,172.37,156.76,4.14,1006.3,856.4,100.0,37.6798634,76.2124,177.1567
173.54,50.05,173.53,164.77,6.47,1006.2,793.5,100.0,56.06129356,85.3576,185.3102
167.0,75.4,167.0,164.03,7.91,1007.3,770.1,100.0,56.8128224,90.1062,183.9909
173.81,93.37,159.9,172.34,9.73,1007.2,746.6,100.0,50.93848688,96.6848,194.9404
190.34,0.0,125.18,166.61,9.88,1079.0,798.9,100.0,33.56369168,86.7938,202.9084
250.0,0.0,95.69,191.84,5.33,948.9,857.2,100.0,41.1617172,84.349,248.1579
213.5,0.0,174.24,159.21,11.66,1043.6,771.9,100.0,52.95865156,95.5028,227.4449
194.68,0.0,100.52,170.17,7.48,998.0,901.8,100.0,44.27814872,81.4752,202.262
251.37,0.0,118.27,192.94,5.75,1043.6,754.3,100.0,40.14818748,86.7664,250.3456
446.0,24.0,79.0,162.0,11.61,967.0,712.0,28.0,57.02655996,129.0333,439.9181
446.0,24.0,79.0,162.0,11.64,967.0,712.0,28.0,44.42293868,129.0933,439.9745
446.0,24.0,79.0,162.0,11.64,967.0,712.0,28.0,51.021224,129.0933,439.9745
446.0,24.0,79.0,162.0,10.3,967.0,712.0,28.0,53.38612668,126.4133,437.4553
446.0,24.0,79.0,162.0,11.61,967.0,712.0,3.0,35.36322404,129.0333,439.9181
446.0,24.0,79.0,162.0,11.64,967.0,712.0,3.0,25.02108404,129.0933,439.9745
446.0,24.0,79.0,162.0,11.64,967.0,712.0,3.0,23.34565736,129.0933,439.9745
446.0,24.0,79.0,162.0,11.61,967.0,712.0,7.0,52.00717468,129.0333,439.9181
446.0,24.0,79.0,162.0,11.64,967.0,712.0,7.0,38.01770664,129.0933,439.9745
446.0,24.0,79.0,162.0,11.64,967.0,712.0,7.0,39.300132,129.0933,439.9745
446.0,24.0,79.0,162.0,11.61,967.0,712.0,56.0,61.06688932,129.0333,439.9181
446.0,24.0,79.0,162.0,11.64,967.0,712.0,56.0,56.14403068,129.0933,439.9745
446.0,24.0,79.0,162.0,11.64,967.0,712.0,56.0,55.25460664,129.0933,439.9745
446.0,24.0,79.0,162.0,10.3,967.0,712.0,56.0,54.765078679999995,126.4133,437.4553
387.0,20.0,94.0,157.0,14.32,938.0,845.0,28.0,50.23522136,126.5345,391.5187
387.0,20.0,94.0,157.0,13.93,938.0,845.0,28.0,46.68441996,125.7545,390.7855
387.0,20.0,94.0,157.0,11.61,938.0,845.0,28.0,46.68441996,121.1145,386.4239
387.0,20.0,94.0,157.0,14.32,938.0,845.0,3.0,22.752708,126.5345,391.5187
387.0,20.0,94.0,157.0,13.93,938.0,845.0,3.0,25.510612,125.7545,390.7855
387.0,20.0,94.0,157.0,11.61,938.0,845.0,3.0,34.77027468,121.1145,386.4239
387.0,20.0,94.0,157.0,14.32,938.0,845.0,7.0,36.83870268,126.5345,391.5187
387.0,20.0,94.0,157.0,13.93,938.0,845.0,7.0,45.89841732,125.7545,390.7855
387.0,20.0,94.0,157.0,11.61,938.0,845.0,7.0,41.66503468,121.1145,386.4239
387.0,20.0,94.0,157.0,14.32,938.0,845.0,56.0,56.33708396,126.5345,391.5187
387.0,20.0,94.0,157.0,13.93,938.0,845.0,56.0,47.96684532,125.7545,390.7855
387.0,20.0,94.0,157.0,11.61,938.0,845.0,56.0,61.45989064,121.1145,386.4239
355.0,19.0,97.0,145.0,13.13,967.0,871.0,28.0,44.02993736,119.8894,360.3178
355.0,19.0,97.0,145.0,12.25,967.0,871.0,28.0,55.45455468,118.1294,358.6634
491.0,26.0,123.0,210.0,3.93,882.0,699.0,28.0,55.55108132,121.7811,466.5459
491.0,26.0,123.0,201.0,3.93,822.0,699.0,28.0,57.915983999999995,120.7131,466.2308
491.0,26.0,123.0,210.0,3.93,882.0,699.0,3.0,25.60910856945864,121.7811,466.5459
491.0,26.0,123.0,210.0,3.93,882.0,699.0,7.0,33.488834284729315,121.7811,466.5459
491.0,26.0,123.0,210.0,3.93,882.0,699.0,56.0,59.59042571527067,121.7811,466.5459
491.0,26.0,123.0,201.0,3.93,822.0,699.0,3.0,29.54897143054136,120.7131,466.2308
491.0,26.0,123.0,201.0,3.93,822.0,699.0,7.0,37.92118,120.7131,466.2308
491.0,26.0,123.0,201.0,3.93,822.0,699.0,56.0,61.85584685418796,120.7131,466.2308
424.0,22.0,132.0,178.0,8.48,822.0,750.0,28.0,62.05284,119.646,413.673
424.0,22.0,132.0,178.0,8.48,882.0,750.0,3.0,32.01138571527068,120.696,413.985
424.0,22.0,132.0,168.0,8.92,822.0,750.0,28.0,72.09850532,120.506,414.4968
424.0,22.0,132.0,178.0,8.48,822.0,750.0,7.0,39.004642284729314,119.646,413.673
424.0,22.0,132.0,178.0,8.48,822.0,750.0,56.0,65.69721314581203,119.646,413.673
424.0,22.0,132.0,168.0,8.92,822.0,750.0,3.0,32.109882284729316,120.506,414.4968
424.0,22.0,132.0,168.0,8.92,822.0,750.0,7.0,40.28509771527068,120.506,414.4968
424.0,22.0,132.0,168.0,8.92,822.0,750.0,56.0,74.3649114581204,120.506,414.4968
202.0,11.0,141.0,206.0,1.72,942.0,801.0,28.0,21.96670536,72.3809,198.553
202.0,11.0,141.0,206.0,1.72,942.0,801.0,3.0,9.84965714581204,72.3809,198.553
202.0,11.0,141.0,206.0,1.72,942.0,801.0,7.0,15.069975430541358,72.3809,198.553
202.0,11.0,141.0,206.0,1.72,942.0,801.0,56.0,23.24519085418796,72.3809,198.553
284.0,15.0,141.0,179.0,5.46,842.0,801.0,28.0,43.733462679999995,91.7369,280.1709
284.0,15.0,141.0,179.0,5.46,842.0,801.0,3.0,13.39553371527068,91.7369,280.1709
284.0,15.0,141.0,179.0,5.46,842.0,801.0,7.0,24.13166,91.7369,280.1709
284.0,15.0,141.0,179.0,5.46,842.0,801.0,56.0,44.520450284729314,91.7369,280.1709
359.0,19.0,141.0,154.0,10.91,942.0,801.0,28.0,62.93536928,116.8969,359.6603
359.0,19.0,141.0,154.0,10.91,942.0,801.0,28.0,59.494884039999995,116.8969,359.6603
359.0,19.0,141.0,154.0,10.91,942.0,801.0,3.0,25.11662571527068,116.8969,359.6603
359.0,19.0,141.0,154.0,10.91,942.0,801.0,3.0,23.63917714581204,116.8969,359.6603
359.0,19.0,141.0,154.0,10.91,942.0,801.0,7.0,35.75425543054136,116.8969,359.6603
359.0,19.0,141.0,154.0,10.91,942.0,801.0,7.0,38.610656,116.8969,359.6603
359.0,19.0,141.0,154.0,10.91,942.0,801.0,56.0,68.75060685418796,116.8969,359.6603
359.0,19.0,141.0,154.0,10.91,942.0,801.0,56.0,66.78067543054136,116.8969,359.6603
436.0,0.0,0.0,218.0,0.0,838.4,719.7,28.0,23.84897484,94.8718,405.7371
289.0,0.0,0.0,192.0,0.0,913.2,895.3,90.0,32.068218236,75.0497,272.9487
289.0,0.0,0.0,192.0,0.0,913.2,895.3,3.0,11.654902304,75.0497,272.9487
393.0,0.0,0.0,192.0,0.0,940.6,785.6,3.0,19.199148696,90.6443,367.3797
393.0,0.0,0.0,192.0,0.0,940.6,785.6,90.0,48.846616696,90.6443,367.3797
393.0,0.0,0.0,192.0,0.0,940.6,785.6,28.0,39.604880392,90.6443,367.3797
480.0,0.0,0.0,192.0,0.0,936.2,712.2,28.0,43.942373908,103.4671,446.3265
480.0,0.0,0.0,192.0,0.0,936.2,712.2,7.0,34.569637164,103.4671,446.3265
480.0,0.0,0.0,192.0,0.0,936.2,712.2,90.0,54.315540328,103.4671,446.3265
480.0,0.0,0.0,192.0,0.0,936.2,712.2,3.0,24.404692496,103.4671,446.3265
333.0,0.0,0.0,192.0,0.0,931.2,842.6,3.0,15.615941924,81.6721,312.9015
255.0,0.0,0.0,192.0,0.0,889.8,945.0,90.0,21.859147104,69.891,242.0725
255.0,0.0,0.0,192.0,0.0,889.8,945.0,7.0,10.222171176,69.891,242.0725
289.0,0.0,0.0,192.0,0.0,913.2,895.3,7.0,14.596896395999998,75.0497,272.9487
255.0,0.0,0.0,192.0,0.0,889.8,945.0,28.0,18.746162964,69.891,242.0725
333.0,0.0,0.0,192.0,0.0,931.2,842.6,28.0,31.966865263999996,81.6721,312.9015
333.0,0.0,0.0,192.0,0.0,931.2,842.6,7.0,23.404952296,81.6721,312.9015
289.0,0.0,0.0,192.0,0.0,913.2,895.3,28.0,25.573354316,75.0497,272.9487
333.0,0.0,0.0,192.0,0.0,931.2,842.6,90.0,41.680203152,81.6721,312.9015
393.0,0.0,0.0,192.0,0.0,940.6,785.6,7.0,27.742445811999996,90.6443,367.3797
255.0,0.0,0.0,192.0,0.0,889.8,945.0,3.0,8.204074924,69.891,242.0725
158.8,238.2,0.0,185.7,0.0,1040.6,734.3,7.0,9.617500724,87.5447,173.8161
239.6,359.4,0.0,185.7,0.0,941.6,664.3,7.0,25.422359072,114.7352,256.6935
238.2,158.8,0.0,185.7,0.0,1040.6,734.3,7.0,15.691094808,89.1327,239.6387
181.9,272.8,0.0,185.7,0.0,1012.4,714.3,28.0,27.935499091999997,95.3132,197.5065
193.5,290.2,0.0,185.7,0.0,998.2,704.3,28.0,32.626693796000005,99.2177,209.4051
255.5,170.3,0.0,185.7,0.0,1026.6,724.3,7.0,17.236210524,93.1267,256.247
272.8,181.9,0.0,185.7,0.0,1012.4,714.3,7.0,19.765208492,97.1312,272.8626
239.6,359.4,0.0,185.7,0.0,941.6,664.3,28.0,39.435269296,114.7352,256.6935
220.8,147.2,0.0,185.7,0.0,1055.0,744.3,28.0,25.74503384,85.1157,222.933
397.0,0.0,0.0,185.7,0.0,1040.6,734.3,28.0,33.082437432,92.3087,371.2839
382.5,0.0,0.0,185.7,0.0,1047.8,739.3,7.0,24.065470304,90.1842,358.1229
210.7,316.1,0.0,185.7,0.0,977.0,689.3,7.0,21.819846971999997,105.0162,227.0544
158.8,238.2,0.0,185.7,0.0,1040.6,734.3,28.0,21.066249704,87.5447,173.8161
295.8,0.0,0.0,185.7,0.0,1091.4,769.3,7.0,14.843728804,77.4922,279.4322
255.5,170.3,0.0,185.7,0.0,1026.6,724.3,28.0,32.051670812,93.1267,256.247
203.5,135.7,0.0,185.7,0.0,1076.2,759.3,7.0,11.957582268,81.3172,206.3877
397.0,0.0,0.0,185.7,0.0,1040.6,734.3,7.0,25.447869684,92.3087,371.2839
381.4,0.0,0.0,185.7,0.0,1104.6,784.3,28.0,22.489328168,91.6277,357.6445
295.8,0.0,0.0,185.7,0.0,1091.4,769.3,28.0,25.216895224,77.4922,279.4322
228.0,342.1,0.0,185.7,0.0,955.8,674.3,28.0,39.699338604,110.8447,244.8033
220.8,147.2,0.0,185.7,0.0,1055.0,744.3,7.0,13.089012384,85.1157,222.933
316.1,210.7,0.0,185.7,0.0,977.0,689.3,28.0,38.70028788,107.1242,314.431
135.7,203.5,0.0,185.7,0.0,1076.2,759.3,7.0,7.507014687999999,79.9612,150.1815
238.1,0.0,0.0,185.7,0.0,1118.8,789.3,28.0,17.576122192,69.0177,227.0543
339.2,0.0,0.0,185.7,0.0,1069.2,754.3,7.0,21.179323768,83.8392,318.8211
135.7,203.5,0.0,185.7,0.0,1076.2,759.3,28.0,18.19871902,79.9612,150.1815
193.5,290.2,0.0,185.7,0.0,998.2,704.3,7.0,17.200357771999997,99.2177,209.4051
203.5,135.7,0.0,185.7,0.0,1076.2,759.3,28.0,22.629981272,81.3172,206.3877
290.2,193.5,0.0,185.7,0.0,998.2,704.3,7.0,21.859147104,101.1517,289.5694
181.9,272.8,0.0,185.7,0.0,1012.4,714.3,7.0,12.37264682,95.3132,197.5065
170.3,155.5,0.0,185.7,0.0,1026.6,724.3,28.0,25.726417988,77.4227,177.3162
210.7,316.1,0.0,185.7,0.0,977.0,689.3,28.0,37.813621743999995,105.0162,227.0544
228.0,342.1,0.0,185.7,0.0,955.8,674.3,7.0,21.917063088,110.8447,244.8033
290.2,193.5,0.0,185.7,0.0,998.2,704.3,28.0,33.0431373,101.1517,289.5694
381.4,0.0,0.0,185.7,0.0,1104.6,784.3,7.0,14.54104884,91.6277,357.6445
238.2,158.8,0.0,185.7,0.0,1040.6,734.3,28.0,26.91369566,89.1327,239.6387
186.2,124.1,0.0,185.7,0.0,1083.4,764.3,7.0,7.995853172,77.1207,189.7102
339.2,0.0,0.0,185.7,0.0,1069.2,754.3,28.0,31.899986092,83.8392,318.8211
238.1,0.0,0.0,185.7,0.0,1118.8,789.3,7.0,10.335934716,69.0177,227.0543
252.5,0.0,0.0,185.7,0.0,1111.6,784.3,28.0,19.765208492,71.1262,240.1241
382.5,0.0,0.0,185.7,0.0,1047.8,739.3,28.0,37.437857324,90.1842,358.1229
252.5,0.0,0.0,185.7,0.0,1111.6,784.3,7.0,11.483912255999998,71.1262,240.1241
316.1,210.7,0.0,185.7,0.0,977.0,689.3,7.0,24.437787344,107.1242,314.431
186.2,124.1,0.0,185.7,0.0,1083.4,764.3,28.0,17.596806471999997,77.1207,189.7102
170.3,155.5,0.0,185.7,0.0,1026.6,724.3,7.0,10.730314988,77.4227,177.3162
272.8,181.9,0.0,185.7,0.0,1012.4,714.3,28.0,31.38150014,97.1312,272.8626
339.0,0.0,0.0,197.0,0.0,968.0,781.0,3.0,13.22414968,82.4299,318.2525
339.0,0.0,0.0,197.0,0.0,968.0,781.0,7.0,20.96696516,82.4299,318.2525
339.0,0.0,0.0,197.0,0.0,968.0,781.0,14.0,27.04124872,82.4299,318.2525
339.0,0.0,0.0,197.0,0.0,968.0,781.0,28.0,32.039949719999996,82.4299,318.2525
339.0,0.0,0.0,197.0,0.0,968.0,781.0,90.0,35.17017076,82.4299,318.2525
339.0,0.0,0.0,197.0,0.0,968.0,781.0,180.0,36.44570136,82.4299,318.2525
339.0,0.0,0.0,197.0,0.0,968.0,781.0,365.0,38.89334116,82.4299,318.2525
236.0,0.0,0.0,194.0,0.0,968.0,885.0,3.0,6.467284879999999,67.3895,224.8458
236.0,0.0,0.0,194.0,0.0,968.0,885.0,14.0,12.83804312,67.3895,224.8458
236.0,0.0,0.0,194.0,0.0,968.0,885.0,28.0,18.41590396,67.3895,224.8458
236.0,0.0,0.0,194.0,0.0,968.0,885.0,90.0,21.94602108,67.3895,224.8458
236.0,0.0,0.0,193.0,0.0,968.0,885.0,180.0,24.104080959999997,67.3875,224.8455
236.0,0.0,0.0,193.0,0.0,968.0,885.0,365.0,25.08313688,67.3875,224.8455
277.0,0.0,0.0,191.0,0.0,968.0,856.0,14.0,21.26343984,73.5404,262.0889
277.0,0.0,0.0,191.0,0.0,968.0,856.0,28.0,25.96566616,73.5404,262.0889
277.0,0.0,0.0,191.0,0.0,968.0,856.0,3.0,11.36256448,73.5404,262.0889
277.0,0.0,0.0,191.0,0.0,968.0,856.0,90.0,31.25394708,73.5404,262.0889
277.0,0.0,0.0,191.0,0.0,968.0,856.0,180.0,32.32952964,73.5404,262.0889
277.0,0.0,0.0,191.0,0.0,968.0,856.0,360.0,33.70158688,73.5404,262.0889
254.0,0.0,0.0,198.0,0.0,968.0,863.0,3.0,9.307926,69.9717,241.151
254.0,0.0,0.0,198.0,0.0,968.0,863.0,90.0,26.94472208,69.9717,241.151
254.0,0.0,0.0,198.0,0.0,968.0,863.0,180.0,27.62730332,69.9717,241.151
254.0,0.0,0.0,198.0,0.0,968.0,863.0,365.0,29.7853632,69.9717,241.151
307.0,0.0,0.0,193.0,0.0,968.0,812.0,180.0,34.48758952,77.7328,289.2252
307.0,0.0,0.0,193.0,0.0,968.0,812.0,365.0,36.14922668,77.7328,289.2252
307.0,0.0,0.0,193.0,0.0,968.0,812.0,3.0,12.54156844,77.7328,289.2252
307.0,0.0,0.0,193.0,0.0,968.0,812.0,28.0,27.53077668,77.7328,289.2252
307.0,0.0,0.0,193.0,0.0,968.0,812.0,90.0,32.922478999999996,77.7328,289.2252
236.0,0.0,0.0,193.0,0.0,968.0,885.0,7.0,9.99050724,67.3875,224.8455
200.0,0.0,0.0,180.0,0.0,1125.0,845.0,7.0,7.83934212,63.793,192.6214
200.0,0.0,0.0,180.0,0.0,1125.0,845.0,28.0,12.24509376,63.793,192.6214
225.0,0.0,0.0,181.0,0.0,1113.0,833.0,7.0,11.1695112,67.4182,215.2982
225.0,0.0,0.0,181.0,0.0,1113.0,833.0,28.0,17.3403214,67.4182,215.2982
325.0,0.0,0.0,184.0,0.0,1063.0,783.0,7.0,17.54026944,81.8542,305.9842
325.0,0.0,0.0,184.0,0.0,1063.0,783.0,28.0,30.57136584,81.8542,305.9842
275.0,0.0,0.0,183.0,0.0,1088.0,808.0,7.0,14.2032056,74.6372,260.6414
275.0,0.0,0.0,183.0,0.0,1088.0,808.0,28.0,24.49708228,74.6372,260.6414
300.0,0.0,0.0,184.0,0.0,1075.0,795.0,7.0,15.57526284,78.231,283.3078
300.0,0.0,0.0,184.0,0.0,1075.0,795.0,28.0,26.84819544,78.231,283.3078
375.0,0.0,0.0,186.0,0.0,1038.0,758.0,7.0,26.0621928,89.0732,351.3274
375.0,0.0,0.0,186.0,0.0,1038.0,758.0,28.0,38.21075992,89.0732,351.3274
400.0,0.0,0.0,187.0,0.0,1025.0,745.0,28.0,43.69898888,92.667,373.9938
400.0,0.0,0.0,187.0,0.0,1025.0,745.0,7.0,30.14389072,92.667,373.9938
250.0,0.0,0.0,182.0,0.0,1100.0,820.0,7.0,12.73462172,71.012,237.9646
250.0,0.0,0.0,182.0,0.0,1100.0,820.0,28.0,20.87043852,71.012,237.9646
350.0,0.0,0.0,186.0,0.0,1050.0,770.0,7.0,20.27748916,85.45,328.651
350.0,0.0,0.0,186.0,0.0,1050.0,770.0,28.0,34.29453624,85.45,328.651
203.5,305.3,0.0,203.5,0.0,963.4,630.0,7.0,19.539060364,101.3255,219.2246
250.2,166.8,0.0,203.5,0.0,977.6,694.1,90.0,47.714497104,90.547,250.7202
157.0,236.0,0.0,192.0,0.0,935.4,781.2,90.0,43.377003588,85.7722,171.6862
141.3,212.0,0.0,203.5,0.0,971.8,748.5,28.0,29.89223198,80.1057,155.4023
166.8,250.2,0.0,203.5,0.0,975.6,692.6,3.0,6.902344236,88.8231,181.5636
122.6,183.9,0.0,203.5,0.0,958.2,800.1,90.0,33.192064116000005,73.6589,136.2081
183.9,122.6,0.0,203.5,0.0,959.2,800.0,3.0,4.9035533120000006,74.901,187.0304
102.0,153.0,0.0,192.0,0.0,887.0,942.0,3.0,4.565020596,66.7403,115.2056
102.0,153.0,0.0,192.0,0.0,887.0,942.0,90.0,25.460969728,66.7403,115.2056
122.6,183.9,0.0,203.5,0.0,958.2,800.1,28.0,24.290928956,73.6589,136.2081
166.8,250.2,0.0,203.5,0.0,975.6,692.6,28.0,33.947729812,88.8231,181.5636
200.0,133.0,0.0,192.0,0.0,965.4,806.2,3.0,11.41427518,79.1047,202.6367
108.3,162.4,0.0,203.5,0.0,938.2,849.0,28.0,20.593958644,68.6906,121.5273
305.3,203.5,0.0,203.5,0.0,965.4,631.0,7.0,25.893960655999997,103.4104,303.6323
108.3,162.4,0.0,203.5,0.0,938.2,849.0,90.0,29.231713972,68.6906,121.5273
116.0,173.0,0.0,192.0,0.0,909.8,891.9,90.0,31.023662096,71.4829,129.4967
141.3,212.0,0.0,203.5,0.0,971.8,748.5,7.0,10.3938507,80.1057,155.4023
157.0,236.0,0.0,192.0,0.0,935.4,781.2,28.0,33.664355176,85.7722,171.6862
133.0,200.0,0.0,192.0,0.0,927.4,839.2,28.0,27.874825204,77.5584,147.0644
250.2,166.8,0.0,203.5,0.0,977.6,694.1,7.0,19.35014394,90.547,250.7202
173.0,116.0,0.0,192.0,0.0,946.8,856.8,7.0,11.392211948,72.7825,176.7631
192.0,288.0,0.0,192.0,0.0,929.8,716.1,3.0,12.788400847999998,97.6493,207.5611
192.0,288.0,0.0,192.0,0.0,929.8,716.1,28.0,39.321505756,97.6493,207.5611
153.0,102.0,0.0,192.0,0.0,888.0,943.1,3.0,4.782205536,67.7931,157.4955
288.0,192.0,0.0,192.0,0.0,932.0,717.8,3.0,16.10960674,99.6314,287.1652
305.3,203.5,0.0,203.5,0.0,965.4,631.0,28.0,43.377003588,103.4104,303.6323
236.0,157.0,0.0,192.0,0.0,972.6,749.1,7.0,20.416073836,87.557,237.207
173.0,116.0,0.0,192.0,0.0,946.8,856.8,3.0,6.940954892,72.7825,176.7631
212.0,141.3,0.0,203.5,0.0,973.4,750.0,7.0,15.0305768,81.5685,214.0286
236.0,157.0,0.0,192.0,0.0,972.6,749.1,3.0,13.5654403,87.557,237.207
183.9,122.6,0.0,203.5,0.0,959.2,800.0,90.0,32.53292506,74.901,187.0304
166.8,250.2,0.0,203.5,0.0,975.6,692.6,7.0,15.748321315999998,88.8231,181.5636
102.0,153.0,0.0,192.0,0.0,887.0,942.0,7.0,7.675936308,66.7403,115.2056
288.0,192.0,0.0,192.0,0.0,932.0,717.8,28.0,38.804398756000005,99.6314,287.1652
212.0,141.3,0.0,203.5,0.0,973.4,750.0,28.0,33.003837168,81.5685,214.0286
102.0,153.0,0.0,192.0,0.0,887.0,942.0,28.0,17.275510655999998,66.7403,115.2056
173.0,116.0,0.0,192.0,0.0,946.8,856.8,28.0,24.281965768,72.7825,176.7631
183.9,122.6,0.0,203.5,0.0,959.2,800.0,28.0,24.046164976,74.901,187.0304
133.0,200.0,0.0,192.0,0.0,927.4,839.2,90.0,36.588422892,77.5584,147.0644
192.0,288.0,0.0,192.0,0.0,929.8,716.1,90.0,50.732333556,97.6493,207.5611
133.0,200.0,0.0,192.0,0.0,927.4,839.2,7.0,13.664035368,77.5584,147.0644
305.3,203.5,0.0,203.5,0.0,965.4,631.0,3.0,14.143910664,103.4104,303.6323
236.0,157.0,0.0,192.0,0.0,972.6,749.1,90.0,47.782065751999994,87.557,237.207
108.3,162.4,0.0,203.5,0.0,938.2,849.0,3.0,2.331807832,68.6906,121.5273
157.0,236.0,0.0,192.0,0.0,935.4,781.2,7.0,16.889404096,85.7722,171.6862
288.0,192.0,0.0,192.0,0.0,932.0,717.8,7.0,23.523542168,99.6314,287.1652
212.0,141.3,0.0,203.5,0.0,973.4,750.0,3.0,6.8085755,81.5685,214.0286
212.0,141.3,0.0,203.5,0.0,973.4,750.0,90.0,39.70002808,81.5685,214.0286
153.0,102.0,0.0,192.0,0.0,888.0,943.1,28.0,17.96429718,67.7931,157.4955
236.0,157.0,0.0,192.0,0.0,972.6,749.1,28.0,32.88455782,87.557,237.207
116.0,173.0,0.0,192.0,0.0,909.8,891.9,28.0,22.347985588,71.4829,129.4967
183.9,122.6,0.0,203.5,0.0,959.2,800.0,7.0,10.787541496,74.901,187.0304
108.3,162.4,0.0,203.5,0.0,938.2,849.0,7.0,7.723510152,68.6906,121.5273
203.5,305.3,0.0,203.5,0.0,963.4,630.0,28.0,41.684340008,101.3255,219.2246
203.5,305.3,0.0,203.5,0.0,963.4,630.0,3.0,9.561653168,101.3255,219.2246
133.0,200.0,0.0,192.0,0.0,927.4,839.2,3.0,6.883728383999999,77.5584,147.0644
288.0,192.0,0.0,192.0,0.0,932.0,717.8,90.0,50.526869708,99.6314,287.1652
200.0,133.0,0.0,192.0,0.0,965.4,806.2,7.0,17.165883972,79.1047,202.6367
200.0,133.0,0.0,192.0,0.0,965.4,806.2,28.0,30.439675923999996,79.1047,202.6367
250.2,166.8,0.0,203.5,0.0,977.6,694.1,3.0,9.731264264,90.547,250.7202
122.6,183.9,0.0,203.5,0.0,958.2,800.1,3.0,3.31982694,73.6589,136.2081
153.0,102.0,0.0,192.0,0.0,888.0,943.1,90.0,26.322814728,67.7931,157.4955
200.0,133.0,0.0,192.0,0.0,965.4,806.2,90.0,43.25082948,79.1047,202.6367
116.0,173.0,0.0,192.0,0.0,909.8,891.9,3.0,6.280436883999999,71.4829,129.4967
173.0,116.0,0.0,192.0,0.0,946.8,856.8,90.0,32.102692036,72.7825,176.7631
250.2,166.8,0.0,203.5,0.0,977.6,694.1,28.0,36.964187312,90.547,250.7202
305.3,203.5,0.0,203.5,0.0,965.4,631.0,90.0,54.598914963999995,103.4104,303.6323
192.0,288.0,0.0,192.0,0.0,929.8,716.1,7.0,21.48062478,97.6493,207.5611
157.0,236.0,0.0,192.0,0.0,935.4,781.2,3.0,9.694722036,85.7722,171.6862
153.0,102.0,0.0,192.0,0.0,888.0,943.1,7.0,8.374375495999999,67.7931,157.4955
141.3,212.0,0.0,203.5,0.0,971.8,748.5,90.0,39.6621069,80.1057,155.4023
116.0,173.0,0.0,192.0,0.0,909.8,891.9,7.0,10.089791784,71.4829,129.4967
141.3,212.0,0.0,203.5,0.0,971.8,748.5,3.0,4.827710952,80.1057,155.4023
122.6,183.9,0.0,203.5,0.0,958.2,800.1,7.0,10.354550568,73.6589,136.2081
166.8,250.2,0.0,203.5,0.0,975.6,692.6,90.0,43.565230536,88.8231,181.5636
203.5,305.3,0.0,203.5,0.0,963.4,630.0,90.0,51.863763672,101.3255,219.2246
310.0,0.0,0.0,192.0,0.0,1012.0,830.0,3.0,11.85209244,79.231,292.2814
310.0,0.0,0.0,192.0,0.0,1012.0,830.0,7.0,17.24379476,79.231,292.2814
310.0,0.0,0.0,192.0,0.0,1012.0,830.0,28.0,27.82725136,79.231,292.2814
310.0,0.0,0.0,192.0,0.0,1012.0,830.0,90.0,35.763120119999996,79.231,292.2814
310.0,0.0,0.0,192.0,0.0,1012.0,830.0,120.0,38.70028788,79.231,292.2814
331.0,0.0,0.0,192.0,0.0,1025.0,821.0,3.0,14.306627,82.6934,311.4551
331.0,0.0,0.0,192.0,0.0,1025.0,821.0,7.0,17.43684804,82.6934,311.4551
331.0,0.0,0.0,192.0,0.0,1025.0,821.0,28.0,31.74347504,82.6934,311.4551
331.0,0.0,0.0,192.0,0.0,1025.0,821.0,90.0,37.91428524,82.6934,311.4551
331.0,0.0,0.0,192.0,0.0,1025.0,821.0,120.0,39.382869119999995,82.6934,311.4551
349.0,0.0,0.0,192.0,0.0,1056.0,809.0,3.0,15.87173752,85.9491,327.9711
349.0,0.0,0.0,192.0,0.0,1056.0,809.0,7.0,9.01145132,85.9491,327.9711
349.0,0.0,0.0,192.0,0.0,1056.0,809.0,28.0,33.60506024,85.9491,327.9711
349.0,0.0,0.0,192.0,0.0,1056.0,809.0,90.0,40.65839972,85.9491,327.9711
349.0,0.0,0.0,192.0,0.0,1056.0,809.0,120.0,40.85834776,85.9491,327.9711
238.0,0.0,0.0,186.0,0.0,1119.0,789.0,7.0,12.05204048,69.0016,226.9627
238.0,0.0,0.0,186.0,0.0,1119.0,789.0,28.0,17.54026944,69.0016,226.9627
296.0,0.0,0.0,186.0,0.0,1090.0,769.0,7.0,18.91232668,77.4961,279.6059
296.0,0.0,0.0,186.0,0.0,1090.0,769.0,28.0,25.17966352,77.4961,279.6059
297.0,0.0,0.0,186.0,0.0,1040.0,734.0,7.0,30.9574724,76.2946,280.0794
480.0,0.0,0.0,192.0,0.0,936.0,721.0,28.0,43.892042159999995,103.5859,446.3703
480.0,0.0,0.0,192.0,0.0,936.0,721.0,90.0,54.27555072,103.5859,446.3703
397.0,0.0,0.0,186.0,0.0,1040.0,734.0,28.0,36.93522932,92.2946,371.2794
281.0,0.0,0.0,186.0,0.0,1104.0,774.0,7.0,14.49968028,75.4106,266.0242
281.0,0.0,0.0,185.0,0.0,1104.0,774.0,28.0,22.43554904,75.4086,266.0238
500.0,0.0,0.0,200.0,0.0,1125.0,613.0,1.0,12.63809508,108.6082,465.0451
500.0,0.0,0.0,200.0,0.0,1125.0,613.0,3.0,26.0621928,108.6082,465.0451
500.0,0.0,0.0,200.0,0.0,1125.0,613.0,7.0,33.21205892,108.6082,465.0451
500.0,0.0,0.0,200.0,0.0,1125.0,613.0,14.0,36.93522932,108.6082,465.0451
500.0,0.0,0.0,200.0,0.0,1125.0,613.0,28.0,44.0919902,108.6082,465.0451
540.0,0.0,0.0,173.0,0.0,1125.0,613.0,7.0,52.61391356,114.9542,501.5158
540.0,0.0,0.0,173.0,0.0,1125.0,613.0,14.0,59.76377968,114.9542,501.5158
540.0,0.0,0.0,173.0,0.0,1125.0,613.0,28.0,67.30664712,114.9542,501.5158
540.0,0.0,0.0,173.0,0.0,1125.0,613.0,90.0,69.65776027999999,114.9542,501.5158
540.0,0.0,0.0,173.0,0.0,1125.0,613.0,180.0,71.62276688,114.9542,501.5158
540.0,0.0,0.0,173.0,0.0,1125.0,613.0,270.0,74.16693332,114.9542,501.5158
350.0,0.0,0.0,203.0,0.0,974.0,775.0,7.0,18.12632404,84.2235,328.2871
350.0,0.0,0.0,203.0,0.0,974.0,775.0,14.0,22.53207568,84.2235,328.2871
350.0,0.0,0.0,203.0,0.0,974.0,775.0,28.0,27.3377234,84.2235,328.2871
350.0,0.0,0.0,203.0,0.0,974.0,775.0,56.0,29.97841648,84.2235,328.2871
350.0,0.0,0.0,203.0,0.0,974.0,775.0,90.0,31.35047372,84.2235,328.2871
350.0,0.0,0.0,203.0,0.0,974.0,775.0,180.0,32.72253096,84.2235,328.2871
385.0,0.0,0.0,186.0,0.0,966.0,763.0,1.0,6.26733684,89.4827,360.0985
385.0,0.0,0.0,186.0,0.0,966.0,763.0,3.0,14.69962832,89.4827,360.0985
385.0,0.0,0.0,186.0,0.0,966.0,763.0,7.0,23.221551679999997,89.4827,360.0985
385.0,0.0,0.0,186.0,0.0,966.0,763.0,14.0,27.923778,89.4827,360.0985
385.0,0.0,0.0,186.0,0.0,966.0,763.0,28.0,31.35047372,89.4827,360.0985
331.0,0.0,0.0,192.0,0.0,978.0,825.0,180.0,38.99676256,81.9265,311.2311
331.0,0.0,0.0,192.0,0.0,978.0,825.0,360.0,41.24445432,81.9265,311.2311
349.0,0.0,0.0,192.0,0.0,1047.0,806.0,3.0,14.98920824,85.7499,327.909
331.0,0.0,0.0,192.0,0.0,978.0,825.0,3.0,13.52062436,81.9265,311.2311
382.0,0.0,0.0,186.0,0.0,1047.0,739.0,7.0,24.00065956,90.0866,357.6613
382.0,0.0,0.0,186.0,0.0,1047.0,739.0,28.0,37.42475728,90.0866,357.6613
382.0,0.0,0.0,186.0,0.0,1111.0,784.0,7.0,11.46598588,91.8321,358.2236
281.0,0.0,0.0,186.0,0.0,1104.0,774.0,28.0,22.43554904,75.4106,266.0242
339.0,0.0,0.0,185.0,0.0,1069.0,754.0,7.0,21.16001844,83.7981,318.6358
339.0,0.0,0.0,185.0,0.0,1069.0,754.0,28.0,31.84000168,83.7981,318.6358
295.0,0.0,0.0,185.0,0.0,1069.0,769.0,7.0,14.79615496,76.9666,278.5843
295.0,0.0,0.0,185.0,0.0,1069.0,769.0,28.0,25.17966352,76.9666,278.5843
238.0,0.0,0.0,185.0,0.0,1118.0,789.0,28.0,17.54026944,68.9821,226.9571
296.0,0.0,0.0,192.0,0.0,1085.0,765.0,7.0,14.2032056,77.365,279.5615
296.0,0.0,0.0,192.0,0.0,1085.0,765.0,28.0,21.6495464,77.365,279.5615
296.0,0.0,0.0,192.0,0.0,1085.0,765.0,90.0,29.39236188,77.365,279.5615
331.0,0.0,0.0,192.0,0.0,879.0,825.0,3.0,13.52062436,80.194,310.7163
331.0,0.0,0.0,192.0,0.0,978.0,825.0,7.0,16.26473884,81.9265,311.2311
331.0,0.0,0.0,192.0,0.0,978.0,825.0,28.0,31.44700036,81.9265,311.2311
331.0,0.0,0.0,192.0,0.0,978.0,825.0,90.0,37.231704,81.9265,311.2311
349.0,0.0,0.0,192.0,0.0,1047.0,806.0,7.0,18.12632404,85.7499,327.909
349.0,0.0,0.0,192.0,0.0,1047.0,806.0,28.0,32.72253096,85.7499,327.909
349.0,0.0,0.0,192.0,0.0,1047.0,806.0,90.0,39.48629052,85.7499,327.909
349.0,0.0,0.0,192.0,0.0,1047.0,806.0,180.0,41.05140104,85.7499,327.909
349.0,0.0,0.0,192.0,0.0,1047.0,806.0,360.0,42.1269836,85.7499,327.909
302.0,0.0,0.0,203.0,0.0,974.0,817.0,14.0,18.12632404,77.1273,284.7253
302.0,0.0,0.0,203.0,0.0,974.0,817.0,180.0,26.74477404,77.1273,284.7253
525.0,0.0,0.0,189.0,0.0,1125.0,613.0,180.0,61.921839559999995,112.5862,487.8413
500.0,0.0,0.0,200.0,0.0,1125.0,613.0,90.0,47.22221124,108.6082,465.0451
500.0,0.0,0.0,200.0,0.0,1125.0,613.0,180.0,51.04190828,108.6082,465.0451
500.0,0.0,0.0,200.0,0.0,1125.0,613.0,270.0,55.15808,108.6082,465.0451
540.0,0.0,0.0,173.0,0.0,1125.0,613.0,3.0,41.63745564,114.9542,501.5158
252.0,0.0,0.0,185.0,0.0,1111.0,784.0,7.0,13.71367764,71.0301,239.6632
252.0,0.0,0.0,185.0,0.0,1111.0,784.0,28.0,19.69143456,71.0301,239.6632
339.0,0.0,0.0,185.0,0.0,1060.0,754.0,28.0,31.6469484,83.6406,318.589
393.0,0.0,0.0,192.0,0.0,940.0,758.0,3.0,19.10537996,90.2502,367.2358
393.0,0.0,0.0,192.0,0.0,940.0,758.0,28.0,39.58281716,90.2502,367.2358
393.0,0.0,0.0,192.0,0.0,940.0,758.0,90.0,48.79421652,90.2502,367.2358
382.0,0.0,0.0,185.0,0.0,1047.0,739.0,7.0,24.00065956,90.0846,357.6609
382.0,0.0,0.0,185.0,0.0,1047.0,739.0,28.0,37.42475728,90.0846,357.6609
252.0,0.0,0.0,186.0,0.0,1111.0,784.0,7.0,11.46598588,71.0321,239.6636
252.0,0.0,0.0,185.0,0.0,1111.0,784.0,28.0,19.69143456,71.0301,239.6632
310.0,0.0,0.0,192.0,0.0,970.0,850.0,7.0,14.98920824,78.774,292.165
310.0,0.0,0.0,192.0,0.0,970.0,850.0,28.0,27.923778,78.774,292.165
310.0,0.0,0.0,192.0,0.0,970.0,850.0,90.0,34.6806428,78.774,292.165
310.0,0.0,0.0,192.0,0.0,970.0,850.0,180.0,37.32823064,78.774,292.165
310.0,0.0,0.0,192.0,0.0,970.0,850.0,360.0,38.11423328,78.774,292.165
525.0,0.0,0.0,189.0,0.0,1125.0,613.0,3.0,33.79811352,112.5862,487.8413
525.0,0.0,0.0,189.0,0.0,1125.0,613.0,7.0,42.42345828,112.5862,487.8413
525.0,0.0,0.0,189.0,0.0,1125.0,613.0,14.0,48.4012152,112.5862,487.8413
525.0,0.0,0.0,189.0,0.0,1125.0,613.0,28.0,55.94408264,112.5862,487.8413
525.0,0.0,0.0,189.0,0.0,1125.0,613.0,90.0,58.78472376,112.5862,487.8413
525.0,0.0,0.0,189.0,0.0,1125.0,613.0,270.0,67.11359384,112.5862,487.8413
322.0,0.0,0.0,203.0,0.0,974.0,800.0,14.0,20.77391188,80.091,302.8786
322.0,0.0,0.0,203.0,0.0,974.0,800.0,28.0,25.17966352,80.091,302.8786
322.0,0.0,0.0,203.0,0.0,974.0,800.0,180.0,29.58541516,80.091,302.8786
302.0,0.0,0.0,203.0,0.0,974.0,817.0,28.0,21.7529678,77.1273,284.7253
397.0,0.0,0.0,185.0,0.0,1040.0,734.0,28.0,39.0932892,92.2926,371.279
480.0,0.0,0.0,192.0,0.0,936.0,721.0,3.0,24.39366088,103.5859,446.3703
522.0,0.0,0.0,146.0,0.0,896.0,896.0,7.0,50.511011759999995,111.9464,485.343
522.0,0.0,0.0,146.0,0.0,896.0,896.0,28.0,74.98740975999999,111.9464,485.343
273.0,105.0,82.0,210.0,9.0,904.0,680.0,28.0,37.16965116,106.172,283.508
162.0,190.0,148.0,179.0,19.0,838.0,741.0,28.0,33.75674496,123.2429,208.6163
154.0,144.0,112.0,220.0,10.0,923.0,658.0,28.0,16.49916068,96.1387,180.3271
147.0,115.0,89.0,202.0,9.0,860.0,829.0,28.0,19.98790924,89.0471,170.0104
152.0,178.0,139.0,168.0,18.0,944.0,695.0,28.0,36.34917472,118.7065,196.8611
310.0,143.0,111.0,168.0,22.0,914.0,651.0,28.0,33.68779736,144.5499,344.9677
144.0,0.0,175.0,158.0,18.0,943.0,844.0,28.0,15.41668336,96.3401,175.8304
304.0,140.0,0.0,214.0,6.0,895.0,722.0,28.0,33.41890172,106.3663,308.5578
374.0,0.0,0.0,190.0,7.0,1013.0,730.0,28.0,39.05192064,102.0945,363.304
159.0,149.0,116.0,175.0,15.0,953.0,720.0,28.0,27.67556664,109.1355,195.1908
153.0,239.0,0.0,200.0,6.0,1002.0,684.0,28.0,26.8550902,97.3826,179.4206
310.0,143.0,0.0,168.0,10.0,914.0,804.0,28.0,45.2985732,117.1266,322.3
305.0,0.0,100.0,196.0,10.0,959.0,705.0,28.0,30.12320644,100.774,306.4097
151.0,0.0,184.0,167.0,12.0,991.0,772.0,28.0,15.56836808,85.7673,170.8918
142.0,167.0,130.0,174.0,11.0,883.0,785.0,28.0,44.6090972,101.312,173.74
298.0,137.0,107.0,201.0,6.0,878.0,655.0,28.0,53.52402188,109.0815,303.2582
321.0,164.0,0.0,190.0,5.0,870.0,774.0,28.0,57.21271848,110.6836,324.3008
366.0,187.0,0.0,191.0,7.0,824.0,757.0,28.0,65.90701084,124.0643,370.6842
280.0,129.0,100.0,172.0,9.0,825.0,805.0,28.0,52.82075636,111.831,292.2417
252.0,97.0,76.0,194.0,8.0,835.0,821.0,28.0,33.398217439999996,100.1124,262.1188
165.0,0.0,150.0,182.0,12.0,1023.0,729.0,28.0,18.0297974,86.2996,183.3401
156.0,243.0,0.0,180.0,11.0,1022.0,698.0,28.0,37.36270444,108.9272,192.0571
160.0,188.0,146.0,203.0,11.0,829.0,710.0,28.0,32.83974188,106.0025,191.3736
298.0,0.0,107.0,186.0,6.0,879.0,815.0,28.0,42.63719584,92.113,292.7033
318.0,0.0,126.0,210.0,6.0,861.0,737.0,28.0,40.0585556,94.9118,310.6121
287.0,121.0,94.0,188.0,9.0,904.0,696.0,28.0,41.94082508,111.4304,297.7741
326.0,166.0,0.0,174.0,9.0,882.0,790.0,28.0,61.23236356,120.164,336.6853
356.0,0.0,142.0,193.0,11.0,801.0,778.0,28.0,40.865242519999995,111.2777,354.6874
132.0,207.0,161.0,179.0,5.0,867.0,736.0,28.0,33.301690799999996,93.9109,156.5766
322.0,149.0,0.0,186.0,8.0,951.0,709.0,28.0,52.42086028,115.2496,329.6961
164.0,0.0,200.0,181.0,13.0,849.0,846.0,28.0,15.08573488,89.2189,184.3997
314.0,0.0,113.0,170.0,10.0,925.0,783.0,28.0,38.45897128,103.3012,314.9338
321.0,0.0,128.0,182.0,11.0,870.0,780.0,28.0,37.25928304,106.191,323.0206
140.0,164.0,128.0,237.0,6.0,869.0,656.0,28.0,35.225328839999996,88.5599,161.5419
288.0,121.0,0.0,177.0,7.0,908.0,829.0,28.0,42.13387836,104.7871,294.8694
298.0,0.0,107.0,210.0,11.0,880.0,744.0,28.0,31.874475479999997,101.1916,301.7546
265.0,111.0,86.0,195.0,6.0,833.0,790.0,28.0,41.540929,100.1885,271.2887
160.0,250.0,0.0,168.0,12.0,1049.0,688.0,28.0,39.45181672,112.8567,198.2514
166.0,260.0,0.0,183.0,13.0,859.0,827.0,28.0,37.91428524,115.8538,206.1595
276.0,116.0,90.0,180.0,9.0,870.0,768.0,28.0,44.27814872,109.1602,287.4827
322.0,0.0,116.0,196.0,10.0,818.0,813.0,28.0,31.17810472,103.3277,321.8593
149.0,139.0,109.0,193.0,6.0,892.0,780.0,28.0,23.69039536,87.588,168.2598
159.0,187.0,0.0,176.0,11.0,990.0,789.0,28.0,32.763899519999995,102.2641,190.4414
261.0,100.0,78.0,201.0,9.0,864.0,761.0,28.0,32.39847724,103.7599,272.319
237.0,92.0,71.0,247.0,6.0,853.0,695.0,28.0,28.62704352,91.432,243.6931
313.0,0.0,113.0,178.0,8.0,1002.0,689.0,28.0,36.80422888,99.1981,310.1855
155.0,183.0,0.0,193.0,9.0,1047.0,697.0,28.0,18.28490352,96.8168,182.5345
146.0,230.0,0.0,202.0,3.0,827.0,872.0,28.0,33.0603742,88.5573,166.6991
296.0,0.0,107.0,221.0,11.0,819.0,778.0,28.0,31.41942132,100.2987,299.7906
133.0,210.0,0.0,196.0,3.0,949.0,795.0,28.0,31.02642,84.73,153.4227
313.0,145.0,0.0,178.0,8.0,867.0,824.0,28.0,44.38846488,113.3621,321.303
152.0,0.0,112.0,184.0,8.0,992.0,816.0,28.0,12.17614616,74.9904,163.9433
153.0,145.0,113.0,178.0,8.0,1002.0,689.0,28.0,25.55887532,93.8981,176.3005
140.0,133.0,103.0,200.0,7.0,916.0,753.0,28.0,36.4388066,87.0667,161.3753
149.0,236.0,0.0,176.0,13.0,847.0,893.0,28.0,32.956952799999996,110.4672,188.9352
300.0,0.0,120.0,212.0,10.0,878.0,728.0,28.0,23.83518532,99.9082,301.7113
153.0,145.0,113.0,178.0,8.0,867.0,824.0,28.0,26.22766704,93.4121,176.287
148.0,0.0,137.0,158.0,16.0,1002.0,830.0,28.0,17.95395504,91.918,175.6498
326.0,0.0,138.0,199.0,11.0,801.0,792.0,28.0,40.679084,106.4843,327.3689
153.0,145.0,0.0,178.0,8.0,1000.0,822.0,28.0,19.00885332,90.0618,176.0644
262.0,111.0,86.0,195.0,5.0,895.0,733.0,28.0,33.7153764,98.0012,266.7044
158.0,0.0,195.0,220.0,11.0,898.0,713.0,28.0,8.53571288,83.0957,174.7176
151.0,0.0,185.0,167.0,16.0,1074.0,678.0,28.0,13.45857152,93.9632,178.372
273.0,0.0,90.0,199.0,11.0,931.0,762.0,28.0,32.23989776,97.4623,279.1719
149.0,118.0,92.0,183.0,7.0,953.0,780.0,28.0,23.51802636,86.8455,168.5746
143.0,169.0,143.0,191.0,8.0,967.0,643.0,28.0,29.72331036,95.9322,169.0004
260.0,101.0,78.0,171.0,10.0,936.0,763.0,28.0,49.77327244,106.9677,273.7443
313.0,161.0,0.0,178.0,10.0,917.0,759.0,28.0,52.44154456,119.5736,326.3195
284.0,120.0,0.0,168.0,7.0,970.0,794.0,28.0,40.93419012,104.5876,291.2792
336.0,0.0,0.0,182.0,3.0,986.0,817.0,28.0,44.86420332,88.7353,321.4285
145.0,0.0,134.0,181.0,11.0,979.0,812.0,28.0,13.19657064,80.6813,163.2863
150.0,237.0,0.0,174.0,12.0,1069.0,675.0,28.0,37.43165204,109.618,188.0922
144.0,170.0,133.0,192.0,8.0,814.0,805.0,28.0,29.86810032,95.3085,169.9463
331.0,170.0,0.0,195.0,8.0,811.0,802.0,28.0,56.61287436,118.4903,339.3965
155.0,0.0,143.0,193.0,9.0,1047.0,697.0,28.0,12.45883132,78.3468,168.4895
155.0,183.0,0.0,193.0,9.0,877.0,868.0,28.0,23.786922,96.2187,182.5226
135.0,0.0,166.0,180.0,10.0,961.0,805.0,28.0,13.29309728,78.267,152.4126
266.0,112.0,87.0,178.0,10.0,910.0,745.0,28.0,39.41734292,109.2265,279.9767
314.0,145.0,113.0,179.0,8.0,869.0,690.0,28.0,46.2293658,117.3465,322.4464
313.0,145.0,0.0,127.0,8.0,1000.0,822.0,28.0,44.51946532,115.5598,321.9669
146.0,173.0,0.0,182.0,3.0,986.0,817.0,28.0,23.73865868,82.5553,162.5075
144.0,136.0,106.0,178.0,7.0,941.0,774.0,28.0,26.14492992,88.9621,165.5258
148.0,0.0,182.0,181.0,15.0,839.0,884.0,28.0,15.52010476,90.1121,173.5655
277.0,117.0,91.0,191.0,7.0,946.0,666.0,28.0,43.5748832,105.4444,284.6045
298.0,0.0,107.0,164.0,13.0,953.0,784.0,28.0,35.85964676,106.9331,306.0824
313.0,145.0,0.0,178.0,8.0,1002.0,689.0,28.0,41.05140104,113.8481,321.3165
155.0,184.0,143.0,194.0,9.0,880.0,699.0,28.0,28.98557104,101.2141,182.9036
289.0,134.0,0.0,195.0,6.0,924.0,760.0,28.0,46.24315532,104.124,294.7179
148.0,175.0,0.0,171.0,2.0,1000.0,828.0,28.0,26.91714304,81.5312,162.7426
145.0,0.0,179.0,202.0,8.0,824.0,869.0,28.0,10.53519328,75.0531,157.4982
313.0,0.0,0.0,178.0,8.0,1000.0,822.0,28.0,25.0969264,95.3618,309.9494
136.0,162.0,126.0,172.0,10.0,923.0,764.0,28.0,29.06830816,97.8561,166.0412
155.0,0.0,143.0,193.0,9.0,877.0,868.0,28.0,9.73540112,77.7487,168.4776
255.0,99.0,77.0,189.0,6.0,919.0,749.0,28.0,33.79811352,97.3816,261.3367
162.0,207.0,172.0,216.0,10.0,822.0,638.0,28.0,39.84481804,107.1852,192.7035
136.0,196.0,98.0,199.0,6.0,847.0,783.0,28.0,26.96540636,92.2042,160.8302
164.0,163.0,128.0,197.0,8.0,961.0,641.0,28.0,27.234302,97.5814,187.4951
162.0,214.0,164.0,202.0,10.0,820.0,680.0,28.0,30.6472082,108.286,193.4195
157.0,214.0,152.0,200.0,9.0,819.0,704.0,28.0,33.05347944,105.1981,187.0
149.0,153.0,194.0,192.0,8.0,935.0,623.0,28.0,24.5798194,96.3662,173.2843
135.0,105.0,193.0,196.0,6.0,965.0,643.0,28.0,21.91154728,84.1672,153.0237
159.0,209.0,161.0,201.0,7.0,848.0,669.0,28.0,30.881630039999997,101.2911,184.6936
144.0,15.0,195.0,176.0,6.0,1021.0,709.0,28.0,15.340841,74.9646,154.3986
154.0,174.0,185.0,228.0,7.0,845.0,612.0,28.0,24.3385028,96.0003,177.1236
167.0,187.0,195.0,185.0,7.0,898.0,636.0,28.0,23.8903434,101.5754,190.5218
184.0,86.0,190.0,213.0,6.0,923.0,623.0,28.0,22.93197176,88.2182,195.7962
156.0,178.0,187.0,221.0,7.0,854.0,614.0,28.0,29.41304616,97.1516,179.3502
236.9,91.7,71.5,246.9,6.0,852.9,695.4,28.0,28.629801423999997,91.4026,243.5825
313.3,0.0,113.0,178.5,8.0,1001.9,688.7,28.0,36.804918356,99.2412,310.4573
154.8,183.4,0.0,193.3,9.1,1047.4,696.7,28.0,18.287661424,97.0442,182.5739
145.9,230.5,0.0,202.5,3.4,827.0,871.8,28.0,32.720462532,89.4095,167.4005
296.0,0.0,106.7,221.4,10.5,819.2,778.4,28.0,31.420110796000003,99.2936,298.8514
133.1,210.2,0.0,195.7,3.1,949.4,795.3,28.0,28.937997196,84.9846,153.722
313.3,145.0,0.0,178.5,8.0,867.2,824.0,28.0,40.925226931999994,113.4146,321.5778
151.6,0.0,111.9,184.4,7.9,992.0,815.9,28.0,12.180972492,74.7208,163.3893
153.1,145.0,113.0,178.5,8.0,1001.9,688.7,28.0,25.559564796,93.9092,176.3899
139.9,132.6,103.3,200.3,7.4,916.0,753.4,28.0,36.443632932,87.8159,162.0074
149.5,236.0,0.0,175.8,12.6,846.8,892.7,28.0,32.96384756,109.7391,188.6366
299.8,0.0,119.8,211.5,9.9,878.2,727.6,28.0,23.835874796,99.6631,301.3382
153.1,145.0,113.0,178.5,8.0,867.2,824.0,28.0,26.233182848,93.4326,176.3794
148.1,0.0,136.6,158.1,16.1,1001.8,830.1,28.0,17.959470848000002,92.1121,175.9253
326.5,0.0,137.9,199.0,10.8,801.1,792.5,28.0,38.630650804,106.168,327.4511
152.7,144.7,0.0,178.1,8.0,999.7,822.2,28.0,19.009542796,89.9695,175.7654
261.9,110.5,86.1,195.4,5.0,895.2,732.6,28.0,33.71882378,97.9189,266.5716
158.4,0.0,194.9,219.7,11.0,897.7,712.9,28.0,8.536402356,83.1475,175.0794
150.7,0.0,185.3,166.7,15.6,1074.5,678.0,28.0,13.461329424,93.1383,177.3513
272.6,0.0,89.6,198.7,10.6,931.3,762.2,28.0,32.245413568000004,96.5857,278.0543
149.0,117.6,91.7,182.9,7.1,953.4,780.3,28.0,23.524231644,86.9855,168.7305
143.0,169.4,142.7,190.7,8.4,967.4,643.5,28.0,29.726068263999995,96.7866,169.7877
259.9,100.6,78.4,170.6,10.4,935.7,762.9,28.0,49.77327244,107.7083,274.3729
312.9,160.5,0.0,177.6,9.6,916.6,759.5,28.0,52.446370892,118.6868,325.4352
284.0,119.7,0.0,168.3,7.2,970.4,794.2,28.0,40.934879596,104.956,291.6335
336.5,0.0,0.0,181.9,3.4,985.8,816.8,28.0,44.868340176,89.6088,322.6344
144.8,0.0,133.6,180.8,11.1,979.5,811.5,28.0,13.202086448,80.8307,163.2886
150.0,236.8,0.0,173.8,11.9,1069.3,674.8,28.0,37.43165204,109.3921,187.888
143.7,170.2,132.6,191.6,8.5,814.1,805.3,28.0,29.870858223999996,96.2736,170.6281
330.5,169.6,0.0,194.9,8.1,811.0,802.3,28.0,56.619079644,118.5583,339.0968
154.8,0.0,142.8,193.3,9.1,1047.4,696.7,28.0,12.459520796,78.5082,168.4941
154.8,183.4,0.0,193.3,9.1,877.2,867.7,28.0,23.786922,96.4426,182.561
134.7,0.0,165.7,180.2,10.0,961.0,804.9,28.0,13.293786756,78.203,152.1362
266.2,112.3,87.5,177.9,10.4,909.7,744.5,28.0,39.421479776,110.1131,280.9359
314.0,145.3,113.2,178.9,8.0,869.1,690.2,28.0,46.234192132,117.4028,322.4744
312.7,144.7,0.0,127.3,8.0,999.7,822.2,28.0,44.523602176,115.4679,321.668
145.7,172.6,0.0,181.9,3.4,985.8,816.8,28.0,23.744174488,83.2448,162.9506
143.8,136.3,106.2,178.1,7.5,941.5,774.3,28.0,26.147687824,89.9952,166.3141
148.1,0.0,182.1,181.4,15.0,838.9,884.3,28.0,15.526310044,90.1363,173.6586
277.0,116.8,91.0,190.6,7.0,946.5,665.6,28.0,43.57833058,105.4188,284.5883
298.1,0.0,107.5,163.6,12.8,953.2,784.0,28.0,35.86585204399999,106.5768,305.8025
313.3,145.0,0.0,178.5,8.0,1001.9,688.7,28.0,41.053469468,113.8912,321.5883
155.2,183.9,143.2,193.8,9.2,879.6,698.5,28.0,28.991086848,101.6277,183.4506
289.0,133.7,0.0,194.9,5.5,924.1,760.1,28.0,46.247292176,103.0849,293.754
147.8,175.1,0.0,171.2,2.2,1000.0,828.5,28.0,26.922658848,81.9206,162.9471
145.4,0.0,178.9,201.7,7.8,824.0,868.7,28.0,10.535882756,74.7073,157.4846
312.7,0.0,0.0,178.1,8.0,999.7,822.2,28.0,25.10382116,95.3115,309.6753
136.4,161.6,125.8,171.6,10.4,922.6,764.4,28.0,29.073134492,98.6519,167.123
154.8,0.0,142.8,193.3,9.1,877.2,867.7,28.0,9.738159024,77.9066,168.4812
255.3,98.8,77.0,188.6,6.5,919.0,749.3,28.0,33.798802996,98.405,262.5351
272.8,105.1,81.8,209.7,9.0,904.0,679.7,28.0,37.171030112,106.1392,283.3307
162.0,190.1,148.1,178.8,18.8,838.1,741.4,28.0,33.762260768,122.8688,208.2519
153.6,144.2,112.3,220.1,10.1,923.2,657.9,28.0,16.503987012,96.32,180.1698
146.5,114.6,89.3,201.9,8.8,860.0,829.5,28.0,19.98790924,88.5328,169.1501
151.8,178.1,138.7,167.5,18.3,944.0,694.6,28.0,36.349864196,119.2669,197.2464
309.9,142.8,111.2,167.8,22.1,913.9,651.2,28.0,38.215586251999994,144.7165,345.0499
143.6,0.0,174.9,158.4,17.9,942.7,844.5,28.0,15.42357812,96.0736,175.2779
303.6,139.9,0.0,213.5,6.2,895.5,722.5,28.0,33.419591196,106.703,308.5657
374.3,0.0,0.0,190.2,6.7,1013.2,730.4,28.0,39.056057496,101.552,363.0167
158.6,148.9,116.0,175.1,15.0,953.3,719.7,28.0,27.681082448,109.0588,194.8178
152.6,238.7,0.0,200.0,6.3,1001.8,683.9,28.0,26.859916531999996,97.8717,179.5933
310.0,142.8,0.0,167.9,10.0,914.3,804.0,28.0,45.304778484,117.1037,322.2849
304.8,0.0,99.6,196.0,9.8,959.4,705.2,28.0,30.12320644,100.3318,305.8512
150.9,0.0,183.9,166.6,11.6,991.2,772.2,28.0,15.569747032,84.9518,170.0498
141.9,166.6,129.7,173.5,10.9,882.6,785.3,28.0,44.61185510399999,101.0212,173.4244
297.8,137.2,106.9,201.3,6.0,878.4,655.3,28.0,53.524711356,109.0843,303.0954
321.3,164.2,0.0,190.5,4.6,870.0,774.0,28.0,57.21823428799999,109.9606,323.8391
366.0,187.0,0.0,191.3,6.6,824.3,756.9,28.0,65.909079268,123.2688,369.9334
279.8,128.9,100.4,172.4,9.5,825.1,804.9,28.0,52.826961643999994,112.8062,292.9943
252.1,97.1,75.6,193.8,8.3,835.5,821.4,28.0,33.399596392,100.7363,262.7837
164.6,0.0,150.4,181.6,11.7,1023.3,728.9,28.0,18.033934256,85.6587,182.4154
155.6,243.5,0.0,180.3,10.7,1022.0,697.7,28.0,37.363393916,108.3296,191.1684
160.2,188.0,146.4,203.2,11.3,828.7,709.7,28.0,35.314271244,106.6455,192.1202
298.1,0.0,107.0,186.4,6.1,879.0,815.2,28.0,42.6440906,92.3326,292.9836
317.9,0.0,126.5,209.7,5.7,860.5,736.6,28.0,40.062002979999995,94.3059,309.9562
287.3,120.5,93.9,187.6,9.2,904.4,695.9,28.0,43.798273423999994,111.8082,298.3828
325.6,166.4,0.0,174.0,8.9,881.6,790.0,28.0,61.23581094,119.949,336.1636
355.9,0.0,141.6,193.3,11.0,801.4,778.4,28.0,40.8686899,111.2549,354.5972
132.0,206.5,160.9,178.9,5.5,866.9,735.6,28.0,33.306517131999996,94.8284,157.4717
322.5,148.6,0.0,185.8,8.5,951.0,709.5,28.0,52.426376088,116.2802,331.0614
164.2,0.0,200.1,181.2,12.6,849.3,846.0,28.0,15.091250688,88.4616,183.8325
313.8,0.0,112.6,169.9,10.1,925.3,782.9,28.0,38.461039708,103.4529,314.9372
321.4,0.0,127.9,182.5,11.5,870.1,779.7,28.0,37.265488324,107.2486,324.3238
139.7,163.9,127.7,236.7,5.8,868.6,655.6,28.0,35.225328839999996,88.0697,160.8774
288.4,121.0,0.0,177.4,7.0,907.9,829.5,28.0,42.14008364399999,104.8571,295.2364
298.2,0.0,107.0,209.7,11.1,879.6,744.2,28.0,31.875164956000003,101.4188,302.1239
264.5,111.0,86.5,195.5,5.9,832.6,790.4,28.0,41.542307951999994,99.9331,270.6488
159.8,250.0,0.0,168.4,12.2,1049.3,688.2,28.0,39.455953576,113.2335,198.4477
166.0,259.7,0.0,183.2,12.7,858.8,826.8,28.0,37.917043144,115.2059,205.5686
276.4,116.0,90.3,179.6,8.9,870.1,768.3,28.0,44.284354003999994,109.0443,287.6638
322.2,0.0,115.6,196.0,10.4,817.9,813.4,28.0,31.178794196,104.1435,322.792
148.5,139.4,108.6,192.7,6.1,892.4,780.0,28.0,23.696600644,87.7504,168.0238
159.1,186.7,0.0,175.6,11.3,989.6,788.9,28.0,32.768036376000005,102.8289,191.069
260.9,100.5,78.3,200.6,8.6,864.5,761.5,28.0,32.401235144,103.0438,271.5248
